"AufID"	"AGM_forstdb"	"geomorphologie_kart_forstdb"
4147	""	"See"
4200	""	"See"
11071	""	"See"
11095	""	"See"
11176	""	"See"
4199	""	"See"
11028	""	"See"
11105	""	"See"
11044	""	"See"
11019	""	"See"
4165	""	"See"
11104	""	"See"
11024	""	"See"
4144	""	"See"
11106	""	"See"
11027	""	"See"
11177	""	"See"
11043	""	"See"
11020	""	"See"
11075	""	"See"
11016	""	"See"
4317	""	"See"
11080	""	"See"
11078	""	"See"
4222	""	"See"
11076	""	"See"
11073	""	"See"
11005	""	"See"
11018	""	"See"
11006	""	"See"
11074	""	"See"
11102	""	"See"
11015	""	"See"
11070	""	"See"
11042	""	"See"
11023	""	"See"
4243	""	"See"
11098	""	"See"
11041	""	"See"
11069	""	"See"
11101	""	"See"
11100	""	"See"
11099	""	"See"
11040	""	"See"
11433	"SiSr"	"silikatisches Festgestein"
12543	"SiSr"	"silikatisches Festgestein"
11981	"SiSr"	"silikatisches Festgestein"
12451	"SiSr"	"silikatisches Festgestein"
11938	"SiSr"	"silikatisches Festgestein"
11049	"SiSr"	"silikatisches Festgestein"
12501	"SiSr"	"silikatisches Festgestein"
12489	"SiSr"	"silikatisches Festgestein"
12933	"SiSr"	"silikatisches Festgestein"
12431	"SiSr"	"silikatisches Festgestein"
12447	"SiSr"	"silikatisches Festgestein"
11976	"SiSr"	"silikatisches Festgestein"
12583	"SiSr"	"silikatisches Festgestein"
11978	"SiSr"	"silikatisches Festgestein"
12449	"SiSr"	"silikatisches Festgestein"
12529	"SiSr"	"silikatisches Festgestein"
12588	"SiSr"	"silikatisches Festgestein"
12491	"SiSr"	"silikatisches Festgestein"
12970	"SiSr"	"silikatisches Festgestein"
11872	"SiSr"	"silikatisches Festgestein"
11515	"SiSr"	"silikatisches Festgestein"
11996	"SiSr"	"silikatisches Festgestein"
11979	"SiSr"	"silikatisches Festgestein"
12930	"SiSr"	"silikatisches Festgestein"
11529	"SiSr"	"silikatisches Festgestein"
11893	"SiSr"	"silikatisches Festgestein"
11048	"SiSr"	"silikatisches Festgestein"
12446	"SiSr"	"silikatisches Festgestein"
11844	"SiSr"	"silikatisches Festgestein"
11588	"SiSr"	"silikatisches Festgestein"
12442	"SiSr"	"silikatisches Festgestein"
11887	"SiSr"	"silikatisches Festgestein"
12562	"SiSr"	"silikatisches Festgestein"
11838	"SiSr"	"silikatisches Festgestein"
12469	"SiSr"	"silikatisches Festgestein"
12582	"SiSr"	"silikatisches Festgestein"
11973	"SiSr"	"silikatisches Festgestein"
12481	"SiSr"	"silikatisches Festgestein"
11974	"SiSr"	"silikatisches Festgestein"
12539	"SiSr"	"silikatisches Festgestein"
12430	"SiSr"	"silikatisches Festgestein"
11992	"SiSr"	"silikatisches Festgestein"
12966	"SiSr"	"silikatisches Festgestein"
12560	"SiSr"	"silikatisches Festgestein"
11549	"SiSr"	"silikatisches Festgestein"
12414	"SiSr"	"silikatisches Festgestein"
12538	"SiSr"	"silikatisches Festgestein"
12484	"SiSr"	"silikatisches Festgestein"
11984	"SiSr"	"silikatisches Festgestein"
12438	"SiSr"	"silikatisches Festgestein"
12589	"SiSr"	"silikatisches Festgestein"
12434	"SiSr"	"silikatisches Festgestein"
11972	"SiSr"	"silikatisches Festgestein"
12482	"SiSr"	"silikatisches Festgestein"
11565	"SiSr"	"silikatisches Festgestein"
11864	"SiSr"	"silikatisches Festgestein"
11584	"SiSr"	"silikatisches Festgestein"
12495	"SiSr"	"silikatisches Festgestein"
11620	"SiSr"	"silikatisches Festgestein"
4080	"SiS-"	"silikatisches Festgestein"
4307	"SiS-"	"silikatisches Festgestein"
4077	"SiS-"	"silikatisches Festgestein"
4064	"SiS-"	"silikatisches Festgestein"
4066	"SiS-"	"silikatisches Festgestein"
4132	"SiS-"	"silikatisches Festgestein"
4108	"SiS-"	"silikatisches Festgestein"
4309	"SiS-"	"silikatisches Festgestein"
4106	"SiS-"	"silikatisches Festgestein"
4155	"SiS-"	"silikatisches Festgestein"
4156	"SiS-"	"silikatisches Festgestein"
4190	"SiS-"	"silikatisches Festgestein"
4023	"SiS-"	"silikatisches Festgestein"
4312	"SiS-"	"silikatisches Festgestein"
4157	"SiS-"	"silikatisches Festgestein"
4113	"SiS-"	"silikatisches Festgestein"
4072	"SiS-"	"silikatisches Festgestein"
4158	"SiS-"	"silikatisches Festgestein"
4185	"SiS-"	"silikatisches Festgestein"
4133	"SiS-"	"silikatisches Festgestein"
4062	"SiS-"	"silikatisches Festgestein"
4071	"SiS-"	"silikatisches Festgestein"
4211	"SiS-"	"silikatisches Festgestein"
4131	"SiS-"	"silikatisches Festgestein"
4115	"SiS-"	"silikatisches Festgestein"
4076	"SiS-"	"silikatisches Festgestein"
4069	"SiS-"	"silikatisches Festgestein"
4107	"SiS-"	"silikatisches Festgestein"
4008	"SiS-"	"silikatisches Festgestein"
4209	"SiS-"	"silikatisches Festgestein"
4333	"SiS-"	"silikatisches Festgestein"
4073	"SiS-"	"silikatisches Festgestein"
4311	"SiS-"	"silikatisches Festgestein"
4314	"SiS-"	"silikatisches Festgestein"
4308	"SiS-"	"silikatisches Festgestein"
4182	"SiS-"	"silikatisches Festgestein"
4186	"SiS-"	"silikatisches Festgestein"
4119	"SiS-"	"silikatisches Festgestein"
4009	"SiS-"	"silikatisches Festgestein"
4164	"SiS-"	"silikatisches Festgestein"
4074	"SiS-"	"silikatisches Festgestein"
11772	"SiS-"	"silikatisches Festgestein"
4316	"SiS-"	"silikatisches Festgestein"
4061	"SiS-"	"silikatisches Festgestein"
4191	"SiS-"	"silikatisches Festgestein"
4110	"SiS-"	"silikatisches Festgestein"
4327	"SiS-"	"silikatisches Festgestein"
4052	"SiS-"	"silikatisches Festgestein"
4154	"SiS-"	"silikatisches Festgestein"
4194	"SiS-"	"silikatisches Festgestein"
4187	"SiS-"	"silikatisches Festgestein"
4065	"SiS-"	"silikatisches Festgestein"
4114	"SiS-"	"silikatisches Festgestein"
4332	"SiS-"	"silikatisches Festgestein"
4129	"SiS-"	"silikatisches Festgestein"
4109	"SiS-"	"silikatisches Festgestein"
4070	"SiS-"	"silikatisches Festgestein"
4161	"SiS-"	"silikatisches Festgestein"
4204	"SiS-"	"silikatisches Festgestein"
4063	"SiS-"	"silikatisches Festgestein"
4318	"SiS-"	"silikatisches Festgestein"
4127	"SiS-"	"silikatisches Festgestein"
4208	"SiS-"	"silikatisches Festgestein"
4116	"SiS-"	"silikatisches Festgestein"
4310	"SiS-"	"silikatisches Festgestein"
4128	"SiS-"	"silikatisches Festgestein"
4100	"SiS-"	"silikatisches Festgestein"
4068	"SiS-"	"silikatisches Festgestein"
4117	"SiS-"	"silikatisches Festgestein"
4126	"SiS-"	"silikatisches Festgestein"
4105	"SiS-"	"silikatisches Festgestein"
4313	"SiS-"	"silikatisches Festgestein"
11780	"SiS-"	"silikatisches Festgestein"
4112	"SiS-"	"silikatisches Festgestein"
4031	"SiS-"	"silikatisches Festgestein"
4075	"SiS-"	"silikatisches Festgestein"
4168	"SiS-"	"silikatisches Festgestein"
4326	"SiS-"	"silikatisches Festgestein"
4305	"SiS-"	"silikatisches Festgestein"
4125	"SiS-"	"silikatisches Festgestein"
4095	"SiS-"	"silikatisches Festgestein"
4059	"SiS-"	"silikatisches Festgestein"
4057	"SiS-"	"silikatisches Festgestein"
4111	"SiS-"	"silikatisches Festgestein"
4123	"SiS-"	"silikatisches Festgestein"
4338	"SiS-"	"silikatisches Festgestein"
4328	"SiS-"	"silikatisches Festgestein"
4122	"SiS-"	"silikatisches Festgestein"
4058	"SiS-"	"silikatisches Festgestein"
4177	"SiS-"	"silikatisches Festgestein"
4296	"SiS-"	"silikatisches Festgestein"
4124	"SiS-"	"silikatisches Festgestein"
4215	"SiS-"	"silikatisches Festgestein"
4217	"SiS-"	"silikatisches Festgestein"
4092	"SiS-"	"silikatisches Festgestein"
11614	"SiS+"	"silikatisches Festgestein"
11630	"SiS+"	"silikatisches Festgestein"
11613	"SiS+"	"silikatisches Festgestein"
11641	"SiS+"	"silikatisches Festgestein"
11629	"SiS+"	"silikatisches Festgestein"
11751	"SiS+"	"silikatisches Festgestein"
11804	"SiS+"	"silikatisches Festgestein"
11749	"SiS+"	"silikatisches Festgestein"
11801	"SiS+"	"silikatisches Festgestein"
11640	"SiS+"	"silikatisches Festgestein"
11843	"SiIn"	"silikatisches Festgestein"
11600	"SiIn"	"silikatisches Festgestein"
11639	"SiIn"	"silikatisches Festgestein"
11301	"SiIn"	"silikatisches Festgestein"
11247	"SiIn"	"silikatisches Festgestein"
4097	"SiIn"	"silikatisches Festgestein"
11209	"SiIn"	"silikatisches Festgestein"
11334	"SiIn"	"silikatisches Festgestein"
11305	"SiIn"	"silikatisches Festgestein"
11318	"SiIn"	"silikatisches Festgestein"
11842	"SiIn"	"silikatisches Festgestein"
4090	"SiIn"	"silikatisches Festgestein"
11518	"SiIn"	"silikatisches Festgestein"
12043	"SiIn"	"silikatisches Festgestein"
11522	"SiIn"	"silikatisches Festgestein"
11604	"SiIn"	"silikatisches Festgestein"
11598	"SiIn"	"silikatisches Festgestein"
11317	"SiIn"	"silikatisches Festgestein"
11528	"SiIn"	"silikatisches Festgestein"
11215	"SiIn"	"silikatisches Festgestein"
12054	"SiIn"	"silikatisches Festgestein"
12016	"SiIn"	"silikatisches Festgestein"
12138	"SiIn"	"silikatisches Festgestein"
11309	"SiIn"	"silikatisches Festgestein"
12504	"SiIn"	"silikatisches Festgestein"
12100	"SiIn"	"silikatisches Festgestein"
11846	"SiIn"	"silikatisches Festgestein"
12063	"SiIn"	"silikatisches Festgestein"
11208	"SiIn"	"silikatisches Festgestein"
11213	"SiIn"	"silikatisches Festgestein"
11239	"SiIn"	"silikatisches Festgestein"
4007	"SiIn"	"silikatisches Festgestein"
11344	"SiIn"	"silikatisches Festgestein"
4047	"SiIn"	"silikatisches Festgestein"
11542	"SiIn"	"silikatisches Festgestein"
11360	"SiIn"	"silikatisches Festgestein"
11068	"SiIn"	"silikatisches Festgestein"
4093	"SiIn"	"silikatisches Festgestein"
4094	"SiIn"	"silikatisches Festgestein"
4014	"SiIn"	"silikatisches Festgestein"
12074	"SiIn"	"silikatisches Festgestein"
12076	"SiIn"	"silikatisches Festgestein"
11353	"SiIn"	"silikatisches Festgestein"
4166	"SiIn"	"silikatisches Festgestein"
12053	"SiIn"	"silikatisches Festgestein"
12513	"SiIn"	"silikatisches Festgestein"
11595	"SiIn"	"silikatisches Festgestein"
11922	"SiIn"	"silikatisches Festgestein"
11228	"SiIn"	"silikatisches Festgestein"
12084	"SiIn"	"silikatisches Festgestein"
12003	"SiIn"	"silikatisches Festgestein"
12004	"SiIn"	"silikatisches Festgestein"
11603	"SiIn"	"silikatisches Festgestein"
11157	"SiIn"	"silikatisches Festgestein"
11002	"SiIn"	"silikatisches Festgestein"
11338	"SiIn"	"silikatisches Festgestein"
12576	"SiIn"	"silikatisches Festgestein"
11026	"SiIn"	"silikatisches Festgestein"
11120	"SiIn"	"silikatisches Festgestein"
11077	"SiIn"	"silikatisches Festgestein"
12580	"SiIn"	"silikatisches Festgestein"
11304	"SiIn"	"silikatisches Festgestein"
12095	"SiIn"	"silikatisches Festgestein"
12018	"SiIn"	"silikatisches Festgestein"
11308	"SiIn"	"silikatisches Festgestein"
12585	"SiIn"	"silikatisches Festgestein"
11206	"SiIn"	"silikatisches Festgestein"
11312	"SiIn"	"silikatisches Festgestein"
11576	"SiIn"	"silikatisches Festgestein"
4163	"SiIn"	"silikatisches Festgestein"
11170	"SiIn"	"silikatisches Festgestein"
11091	"SiIn"	"silikatisches Festgestein"
11316	"SiIn"	"silikatisches Festgestein"
12106	"SiIn"	"silikatisches Festgestein"
11622	"SiIn"	"silikatisches Festgestein"
11319	"SiIn"	"silikatisches Festgestein"
11216	"SiIn"	"silikatisches Festgestein"
11257	"SiIn"	"silikatisches Festgestein"
11322	"SiIn"	"silikatisches Festgestein"
12114	"SiIn"	"silikatisches Festgestein"
11993	"SiIn"	"silikatisches Festgestein"
11325	"SiIn"	"silikatisches Festgestein"
11326	"SiIn"	"silikatisches Festgestein"
11313	"SiIn"	"silikatisches Festgestein"
11302	"SiIn"	"silikatisches Festgestein"
11330	"SiIn"	"silikatisches Festgestein"
12932	"SiIn"	"silikatisches Festgestein"
11596	"SiIn"	"silikatisches Festgestein"
11597	"SiIn"	"silikatisches Festgestein"
11921	"SiIn"	"silikatisches Festgestein"
11555	"SiIn"	"silikatisches Festgestein"
11229	"SiIn"	"silikatisches Festgestein"
11152	"SiIn"	"silikatisches Festgestein"
11602	"SiIn"	"silikatisches Festgestein"
4149	"SiIn"	"silikatisches Festgestein"
12047	"SiIn"	"silikatisches Festgestein"
11164	"SiIn"	"silikatisches Festgestein"
11355	"SiIn"	"silikatisches Festgestein"
11169	"SiIn"	"silikatisches Festgestein"
11119	"SiIn"	"silikatisches Festgestein"
12014	"SiIn"	"silikatisches Festgestein"
11527	"SiIn"	"silikatisches Festgestein"
11346	"SiIn"	"silikatisches Festgestein"
11813	"SiIn"	"silikatisches Festgestein"
12139	"SiIn"	"silikatisches Festgestein"
11572	"SiIn"	"silikatisches Festgestein"
4039	"SiIn"	"silikatisches Festgestein"
11657	"SiIn"	"silikatisches Festgestein"
11127	"SiIn"	"silikatisches Festgestein"
11656	"SiIn"	"silikatisches Festgestein"
12537	"SiIn"	"silikatisches Festgestein"
11354	"SiIn"	"silikatisches Festgestein"
12145	"SiIn"	"silikatisches Festgestein"
12027	"SiIn"	"silikatisches Festgestein"
11025	"SiIn"	"silikatisches Festgestein"
11541	"SiIn"	"silikatisches Festgestein"
11135	"SiIn"	"silikatisches Festgestein"
4091	"SiIn"	"silikatisches Festgestein"
11096	"SiIn"	"silikatisches Festgestein"
11036	"SiIn"	"silikatisches Festgestein"
12034	"SiIn"	"silikatisches Festgestein"
11548	"SiIn"	"silikatisches Festgestein"
4015	"SiIn"	"silikatisches Festgestein"
11537	"SiIn"	"silikatisches Festgestein"
11145	"SiIn"	"silikatisches Festgestein"
11512	"SiIn"	"silikatisches Festgestein"
12039	"SiIn"	"silikatisches Festgestein"
12040	"SiIn"	"silikatisches Festgestein"
4021	"SiIn"	"silikatisches Festgestein"
11636	"SiIn"	"silikatisches Festgestein"
11047	"SiIn"	"silikatisches Festgestein"
11333	"SiIn"	"silikatisches Festgestein"
11332	"SiIn"	"silikatisches Festgestein"
12126	"SiIn"	"silikatisches Festgestein"
11845	"SiIn"	"silikatisches Festgestein"
11001	"SiIn"	"silikatisches Festgestein"
12045	"SiIn"	"silikatisches Festgestein"
12049	"SiIn"	"silikatisches Festgestein"
11645	"SiIn"	"silikatisches Festgestein"
12092	"SiIn"	"silikatisches Festgestein"
11118	"SiIn"	"silikatisches Festgestein"
11567	"SiIn"	"silikatisches Festgestein"
12298	"SiIn"	"silikatisches Festgestein"
12055	"SiIn"	"silikatisches Festgestein"
12098	"SiIn"	"silikatisches Festgestein"
11320	"SiIn"	"silikatisches Festgestein"
11815	"SiIn"	"silikatisches Festgestein"
11899	"SiIn"	"silikatisches Festgestein"
11352	"SiIn"	"silikatisches Festgestein"
11086	"SiIn"	"silikatisches Festgestein"
12022	"SiIn"	"silikatisches Festgestein"
12508	"SiIn"	"silikatisches Festgestein"
4167	"SiIn"	"silikatisches Festgestein"
11251	"SiIn"	"silikatisches Festgestein"
12066	"SiIn"	"silikatisches Festgestein"
11092	"SiIn"	"silikatisches Festgestein"
11214	"SiIn"	"silikatisches Festgestein"
11359	"SiIn"	"silikatisches Festgestein"
12296	"SiIn"	"silikatisches Festgestein"
11708	"SiIn"	"silikatisches Festgestein"
4054	"SiIn"	"silikatisches Festgestein"
11831	"SiIn"	"silikatisches Festgestein"
11954	"SiIn"	"silikatisches Festgestein"
11327	"SiIn"	"silikatisches Festgestein"
11593	"SiIn"	"silikatisches Festgestein"
11223	"SiIn"	"silikatisches Festgestein"
11958	"SiIn"	"silikatisches Festgestein"
12081	"SiIn"	"silikatisches Festgestein"
11959	"SiIn"	"silikatisches Festgestein"
12041	"SiIn"	"silikatisches Festgestein"
12578	"SiIn"	"silikatisches Festgestein"
11949	"SiIn"	"silikatisches Festgestein"
11948	"SiIn"	"silikatisches Festgestein"
12044	"SiIn"	"silikatisches Festgestein"
11925	"SiIn"	"silikatisches Festgestein"
4148	"SiIn"	"silikatisches Festgestein"
11230	"SiIn"	"silikatisches Festgestein"
11351	"SiIn"	"silikatisches Festgestein"
12534	"SiIn"	"silikatisches Festgestein"
12010	"SiIn"	"silikatisches Festgestein"
11647	"SiIn"	"silikatisches Festgestein"
11608	"SiIn"	"silikatisches Festgestein"
12013	"SiIn"	"silikatisches Festgestein"
12920	"SiIn"	"silikatisches Festgestein"
11824	"SiIn"	"silikatisches Festgestein"
11578	"SiIn"	"silikatisches Festgestein"
12924	"SiIn"	"silikatisches Festgestein"
11244	"SiIn"	"silikatisches Festgestein"
4042	"SiIn"	"silikatisches Festgestein"
11350	"SiIn"	"silikatisches Festgestein"
12928	"SiIn"	"silikatisches Festgestein"
12142	"SiIn"	"silikatisches Festgestein"
11619	"SiIn"	"silikatisches Festgestein"
11315	"SiIn"	"silikatisches Festgestein"
11356	"SiIn"	"silikatisches Festgestein"
12108	"SiIn"	"silikatisches Festgestein"
11837	"SiIn"	"silikatisches Festgestein"
12121	"SiIn"	"silikatisches Festgestein"
11633	"SiIn"	"silikatisches Festgestein"
12969	"SiIn"	"silikatisches Festgestein"
12113	"SiIn"	"silikatisches Festgestein"
11870	"SiIn"	"silikatisches Festgestein"
11324	"SiIn"	"silikatisches Festgestein"
11816	"SiIn"	"silikatisches Festgestein"
11592	"SiIn"	"silikatisches Festgestein"
11955	"SiIn"	"silikatisches Festgestein"
11144	"SiIn"	"silikatisches Festgestein"
11329	"SiIn"	"silikatisches Festgestein"
12000	"SiIn"	"silikatisches Festgestein"
11607	"SiIn"	"silikatisches Festgestein"
12012	"SiIn"	"silikatisches Festgestein"
11966	"SiIn"	"silikatisches Festgestein"
12967	"SiIn"	"silikatisches Festgestein"
11707	"SiIn"	"silikatisches Festgestein"
11829	"SiIn"	"silikatisches Festgestein"
11340	"SiIn"	"silikatisches Festgestein"
11339	"SiIn"	"silikatisches Festgestein"
11574	"SiIn"	"silikatisches Festgestein"
12411	"SiIn"	"silikatisches Festgestein"
11944	"SiIn"	"silikatisches Festgestein"
11311	"SiIn"	"silikatisches Festgestein"
11171	"SiIn"	"silikatisches Festgestein"
12511	"SiIn"	"silikatisches Festgestein"
12141	"SiIn"	"silikatisches Festgestein"
12265	"SiIn"	"silikatisches Festgestein"
11559	"SiIn"	"silikatisches Festgestein"
4136	"SiIn"	"silikatisches Festgestein"
11370	"SiIn"	"silikatisches Festgestein"
11594	"SiIn"	"silikatisches Festgestein"
11314	"SiIn"	"silikatisches Festgestein"
11579	"SiIn"	"silikatisches Festgestein"
11587	"SiIn"	"silikatisches Festgestein"
11631	"SiIn"	"silikatisches Festgestein"
4013	"SiIn"	"silikatisches Festgestein"
11205	"SiIn"	"silikatisches Festgestein"
11552	"SiIn"	"silikatisches Festgestein"
11328	"SiIn"	"silikatisches Festgestein"
11997	"SiIn"	"silikatisches Festgestein"
11551	"SiIn"	"silikatisches Festgestein"
11709	"SiIn"	"silikatisches Festgestein"
11505	"SiIn"	"silikatisches Festgestein"
11367	"SiIn"	"silikatisches Festgestein"
11321	"SiIn"	"silikatisches Festgestein"
12505	"SiIn"	"silikatisches Festgestein"
12929	"SiIn"	"silikatisches Festgestein"
11507	"SiIn"	"silikatisches Festgestein"
11591	"SiIn"	"silikatisches Festgestein"
11364	"SiIn"	"silikatisches Festgestein"
12077	"SiIn"	"silikatisches Festgestein"
11221	"SiIn"	"silikatisches Festgestein"
11590	"SiIn"	"silikatisches Festgestein"
12115	"SiIn"	"silikatisches Festgestein"
13005	"SiIn"	"silikatisches Festgestein"
11874	"SiIn"	"silikatisches Festgestein"
11037	"SiIn"	"silikatisches Festgestein"
11585	"SiIn"	"silikatisches Festgestein"
11038	"SiIn"	"silikatisches Festgestein"
11508	"SiIn"	"silikatisches Festgestein"
11366	"SiIn"	"silikatisches Festgestein"
12598	"SiIn"	"silikatisches Festgestein"
11365	"SiIn"	"silikatisches Festgestein"
12557	"SiIn"	"silikatisches Festgestein"
11545	"SiIn"	"silikatisches Festgestein"
12112	"SiIn"	"silikatisches Festgestein"
4082	"Sil-"	"silikatisches Festgestein"
4043	"Sil-"	"silikatisches Festgestein"
4004	"Sil-"	"silikatisches Festgestein"
4001	"Sil-"	"silikatisches Festgestein"
4248	"Sil-"	"silikatisches Festgestein"
4249	"Sil-"	"silikatisches Festgestein"
4169	"Sil-"	"silikatisches Festgestein"
4247	"Sil-"	"silikatisches Festgestein"
4171	"Sil-"	"silikatisches Festgestein"
4011	"Sil-"	"silikatisches Festgestein"
4254	"Sil-"	"silikatisches Festgestein"
4170	"Sil-"	"silikatisches Festgestein"
4256	"Sil-"	"silikatisches Festgestein"
4257	"Sil-"	"silikatisches Festgestein"
4016	"Sil-"	"silikatisches Festgestein"
4017	"Sil-"	"silikatisches Festgestein"
4018	"Sil-"	"silikatisches Festgestein"
4140	"Sil-"	"silikatisches Festgestein"
4262	"Sil-"	"silikatisches Festgestein"
4142	"Sil-"	"silikatisches Festgestein"
4022	"Sil-"	"silikatisches Festgestein"
4265	"Sil-"	"silikatisches Festgestein"
4024	"Sil-"	"silikatisches Festgestein"
4225	"Sil-"	"silikatisches Festgestein"
4255	"Sil-"	"silikatisches Festgestein"
4269	"Sil-"	"silikatisches Festgestein"
4189	"Sil-"	"silikatisches Festgestein"
4271	"Sil-"	"silikatisches Festgestein"
4231	"Sil-"	"silikatisches Festgestein"
4152	"Sil-"	"silikatisches Festgestein"
4233	"Sil-"	"silikatisches Festgestein"
4033	"Sil-"	"silikatisches Festgestein"
4289	"Sil-"	"silikatisches Festgestein"
4035	"Sil-"	"silikatisches Festgestein"
4036	"Sil-"	"silikatisches Festgestein"
4037	"Sil-"	"silikatisches Festgestein"
4038	"Sil-"	"silikatisches Festgestein"
4160	"Sil-"	"silikatisches Festgestein"
4040	"Sil-"	"silikatisches Festgestein"
4162	"Sil-"	"silikatisches Festgestein"
4055	"Sil-"	"silikatisches Festgestein"
4083	"Sil-"	"silikatisches Festgestein"
4044	"Sil-"	"silikatisches Festgestein"
4045	"Sil-"	"silikatisches Festgestein"
4046	"Sil-"	"silikatisches Festgestein"
4060	"Sil-"	"silikatisches Festgestein"
4088	"Sil-"	"silikatisches Festgestein"
4089	"Sil-"	"silikatisches Festgestein"
4184	"Sil-"	"silikatisches Festgestein"
4051	"Sil-"	"silikatisches Festgestein"
4294	"Sil-"	"silikatisches Festgestein"
4053	"Sil-"	"silikatisches Festgestein"
4175	"Sil-"	"silikatisches Festgestein"
4229	"Sil-"	"silikatisches Festgestein"
4056	"Sil-"	"silikatisches Festgestein"
4178	"Sil-"	"silikatisches Festgestein"
4179	"Sil-"	"silikatisches Festgestein"
4180	"Sil-"	"silikatisches Festgestein"
4315	"Sil-"	"silikatisches Festgestein"
4303	"Sil-"	"silikatisches Festgestein"
4183	"Sil-"	"silikatisches Festgestein"
4102	"Sil-"	"silikatisches Festgestein"
4306	"Sil-"	"silikatisches Festgestein"
4320	"Sil-"	"silikatisches Festgestein"
4227	"Sil-"	"silikatisches Festgestein"
4188	"Sil-"	"silikatisches Festgestein"
4282	"Sil-"	"silikatisches Festgestein"
4230	"Sil-"	"silikatisches Festgestein"
4096	"Sil-"	"silikatisches Festgestein"
4232	"Sil-"	"silikatisches Festgestein"
4273	"Sil-"	"silikatisches Festgestein"
4086	"Sil-"	"silikatisches Festgestein"
4261	"Sil-"	"silikatisches Festgestein"
4236	"Sil-"	"silikatisches Festgestein"
4181	"Sil-"	"silikatisches Festgestein"
4319	"Sil-"	"silikatisches Festgestein"
4104	"Sil-"	"silikatisches Festgestein"
4280	"Sil-"	"silikatisches Festgestein"
4281	"Sil-"	"silikatisches Festgestein"
4174	"Sil-"	"silikatisches Festgestein"
4216	"Sil-"	"silikatisches Festgestein"
4295	"Sil-"	"silikatisches Festgestein"
4205	"Sil-"	"silikatisches Festgestein"
4085	"Sil-"	"silikatisches Festgestein"
4099	"Sil-"	"silikatisches Festgestein"
4234	"Sil-"	"silikatisches Festgestein"
4101	"Sil-"	"silikatisches Festgestein"
4220	"Sil-"	"silikatisches Festgestein"
4103	"Sil-"	"silikatisches Festgestein"
4304	"Sil-"	"silikatisches Festgestein"
4213	"Sil-"	"silikatisches Festgestein"
4293	"Sil-"	"silikatisches Festgestein"
4228	"Sil-"	"silikatisches Festgestein"
4246	"Sil-"	"silikatisches Festgestein"
4260	"Sil-"	"silikatisches Festgestein"
12602	"Sil-"	"silikatisches Festgestein"
12603	"Sil-"	"silikatisches Festgestein"
4263	"Sil-"	"silikatisches Festgestein"
4138	"Sil-"	"silikatisches Festgestein"
4301	"Sil-"	"silikatisches Festgestein"
4253	"Sil-"	"silikatisches Festgestein"
4172	"Sil-"	"silikatisches Festgestein"
4118	"Sil-"	"silikatisches Festgestein"
4337	"Sil-"	"silikatisches Festgestein"
4137	"Sil-"	"silikatisches Festgestein"
4258	"Sil-"	"silikatisches Festgestein"
4300	"Sil-"	"silikatisches Festgestein"
4279	"Sil-"	"silikatisches Festgestein"
4298	"Sil-"	"silikatisches Festgestein"
4224	"Sil-"	"silikatisches Festgestein"
4223	"Sil-"	"silikatisches Festgestein"
12601	"Sil-"	"silikatisches Festgestein"
4343	"Sil+"	"silikatisches Festgestein"
4342	"Sil+"	"silikatisches Festgestein"
11115	"SiBa"	"silikatisches Festgestein"
12256	"SiBa"	"silikatisches Festgestein"
11894	"SiBa"	"silikatisches Festgestein"
12087	"SiBa"	"silikatisches Festgestein"
4027	"SiBa"	"silikatisches Festgestein"
4034	"SiBa"	"silikatisches Festgestein"
12052	"SiBa"	"silikatisches Festgestein"
11851	"SiBa"	"silikatisches Festgestein"
4010	"SiBa"	"silikatisches Festgestein"
4297	"SiBa"	"silikatisches Festgestein"
4302	"SiBa"	"silikatisches Festgestein"
12544	"SiBa"	"silikatisches Festgestein"
12264	"SiBa"	"silikatisches Festgestein"
4041	"SiBa"	"silikatisches Festgestein"
11363	"SiBa"	"silikatisches Festgestein"
4032	"SiBa"	"silikatisches Festgestein"
12253	"SiBa"	"silikatisches Festgestein"
12255	"SiBa"	"silikatisches Festgestein"
4029	"SiBa"	"silikatisches Festgestein"
4299	"SiBa"	"silikatisches Festgestein"
4012	"SiBa"	"silikatisches Festgestein"
12559	"SiBa"	"silikatisches Festgestein"
11806	"SiBa"	"silikatisches Festgestein"
12069	"SiBa"	"silikatisches Festgestein"
12584	"SiBa"	"silikatisches Festgestein"
4005	"SiBa"	"silikatisches Festgestein"
4025	"SiBa"	"silikatisches Festgestein"
11533	"SiBa"	"silikatisches Festgestein"
4026	"SiBa"	"silikatisches Festgestein"
4030	"SiBa"	"silikatisches Festgestein"
12424	"SiB-"	"silikatisches Festgestein"
11731	"SiB-"	"silikatisches Festgestein"
11800	"SiB-"	"silikatisches Festgestein"
12294	"SiB-"	"silikatisches Festgestein"
11089	"SiB-"	"silikatisches Festgestein"
12422	"SiB-"	"silikatisches Festgestein"
11786	"SiB-"	"silikatisches Festgestein"
11081	"SiB-"	"silikatisches Festgestein"
11090	"SiB-"	"silikatisches Festgestein"
11733	"SiB-"	"silikatisches Festgestein"
12423	"SiB-"	"silikatisches Festgestein"
11732	"SiB-"	"silikatisches Festgestein"
4242	"SiB-"	"silikatisches Festgestein"
11931	"SiB-"	"silikatisches Festgestein"
11773	"SiB-"	"silikatisches Festgestein"
12555	"SiB-"	"silikatisches Festgestein"
12124	"SiB-"	"silikatisches Festgestein"
12527	"SiB-"	"silikatisches Festgestein"
11742	"SiB-"	"silikatisches Festgestein"
11719	"SiB-"	"silikatisches Festgestein"
12405	"SiB-"	"silikatisches Festgestein"
11103	"SiB-"	"silikatisches Festgestein"
12418	"SiB-"	"silikatisches Festgestein"
4244	"SiB-"	"silikatisches Festgestein"
11741	"SiB-"	"silikatisches Festgestein"
11093	"SiB-"	"silikatisches Festgestein"
11970	"SiB-"	"silikatisches Festgestein"
11745	"SiB-"	"silikatisches Festgestein"
12427	"SiB-"	"silikatisches Festgestein"
11728	"SiB-"	"silikatisches Festgestein"
11721	"SiB-"	"silikatisches Festgestein"
11738	"SiB-"	"silikatisches Festgestein"
11022	"SiB-"	"silikatisches Festgestein"
11765	"SiB-"	"silikatisches Festgestein"
11072	"SiB-"	"silikatisches Festgestein"
12426	"SiB-"	"silikatisches Festgestein"
12479	"SiB-"	"silikatisches Festgestein"
11736	"SiB-"	"silikatisches Festgestein"
4238	"SiB-"	"silikatisches Festgestein"
12104	"SiKa"	"gemischtes Sedimentgestein"
11695	"SiKa"	"gemischtes Sedimentgestein"
12050	"SiKa"	"gemischtes Sedimentgestein"
12103	"SiKa"	"gemischtes Sedimentgestein"
11722	"SiKa"	"gemischtes Sedimentgestein"
12099	"SiKa"	"gemischtes Sedimentgestein"
12129	"SiKa"	"gemischtes Sedimentgestein"
11678	"SiKa"	"gemischtes Sedimentgestein"
11727	"SiKa"	"gemischtes Sedimentgestein"
11711	"SiKa"	"gemischtes Sedimentgestein"
11761	"SiKa"	"gemischtes Sedimentgestein"
11690	"SiKa"	"gemischtes Sedimentgestein"
11667	"SiKa"	"gemischtes Sedimentgestein"
11665	"SiKa"	"gemischtes Sedimentgestein"
12101	"SiKa"	"gemischtes Sedimentgestein"
12085	"SiKa"	"gemischtes Sedimentgestein"
12032	"SiKa"	"gemischtes Sedimentgestein"
11713	"SiKa"	"gemischtes Sedimentgestein"
12147	"SiKa"	"gemischtes Sedimentgestein"
11723	"SiKa"	"gemischtes Sedimentgestein"
12127	"SiKa"	"gemischtes Sedimentgestein"
11686	"SiKa"	"gemischtes Sedimentgestein"
11784	"SiKa"	"gemischtes Sedimentgestein"
12135	"SiKa"	"gemischtes Sedimentgestein"
11714	"SiKa"	"gemischtes Sedimentgestein"
12028	"SiKa"	"gemischtes Sedimentgestein"
11762	"SiKa"	"gemischtes Sedimentgestein"
11706	"SiKa"	"gemischtes Sedimentgestein"
11703	"SiKa"	"gemischtes Sedimentgestein"
12091	"SiKa"	"gemischtes Sedimentgestein"
12134	"SiKa"	"gemischtes Sedimentgestein"
12023	"SiKa"	"gemischtes Sedimentgestein"
11724	"SiKa"	"gemischtes Sedimentgestein"
11664	"SiKa"	"gemischtes Sedimentgestein"
11702	"SiKa"	"gemischtes Sedimentgestein"
12024	"SiKa"	"gemischtes Sedimentgestein"
11785	"SiKa"	"gemischtes Sedimentgestein"
11726	"SiKa"	"gemischtes Sedimentgestein"
11242	"SiK-"	"gemischtes Sedimentgestein"
11224	"SiK-"	"gemischtes Sedimentgestein"
11245	"SiK-"	"gemischtes Sedimentgestein"
11246	"SiK-"	"gemischtes Sedimentgestein"
11262	"SiK-"	"gemischtes Sedimentgestein"
11211	"SiK-"	"gemischtes Sedimentgestein"
11249	"SiK-"	"gemischtes Sedimentgestein"
11259	"SiK-"	"gemischtes Sedimentgestein"
11258	"SiK-"	"gemischtes Sedimentgestein"
11263	"SiK-"	"gemischtes Sedimentgestein"
11261	"SiK-"	"gemischtes Sedimentgestein"
11260	"SiK-"	"gemischtes Sedimentgestein"
11210	"SiK-"	"gemischtes Sedimentgestein"
11369	"SiK-"	"gemischtes Sedimentgestein"
11082	"CaSi"	"gemischtes Sedimentgestein"
11108	"CaSi"	"gemischtes Sedimentgestein"
11113	"CaSi"	"gemischtes Sedimentgestein"
11117	"CaSi"	"gemischtes Sedimentgestein"
11116	"CaSi"	"gemischtes Sedimentgestein"
11109	"CaSi"	"gemischtes Sedimentgestein"
11676	"CaSi"	"gemischtes Sedimentgestein"
11107	"CaSi"	"gemischtes Sedimentgestein"
12971	"KlSi"	"silikatisches Sedimentgestein"
12158	"KlSi"	"silikatisches Sedimentgestein"
13008	"KlSi"	"silikatisches Sedimentgestein"
12170	"KlSi"	"silikatisches Sedimentgestein"
13006	"KlSi"	"silikatisches Sedimentgestein"
12307	"KlSi"	"silikatisches Sedimentgestein"
12332	"KlSi"	"silikatisches Sedimentgestein"
12204	"KlSi"	"silikatisches Sedimentgestein"
12328	"KlSi"	"silikatisches Sedimentgestein"
12260	"KlSi"	"silikatisches Sedimentgestein"
12327	"KlSi"	"silikatisches Sedimentgestein"
11945	"KlSi"	"silikatisches Sedimentgestein"
12160	"KlS-"	"silikatisches Sedimentgestein"
12199	"KlS+"	"silikatisches Sedimentgestein"
12244	"KlBa"	"silikatisches Sedimentgestein"
12220	"KlBa"	"silikatisches Sedimentgestein"
12242	"KlBa"	"silikatisches Sedimentgestein"
12224	"KlBa"	"silikatisches Sedimentgestein"
12257	"KlBa"	"silikatisches Sedimentgestein"
12274	"KlB+"	"silikatisches Sedimentgestein"
12280	"KlB+"	"silikatisches Sedimentgestein"
12379	"KlB+"	"silikatisches Sedimentgestein"
12955	"KlKa"	"gemischtes Sedimentgestein"
12266	"KlKa"	"gemischtes Sedimentgestein"
12237	"KlKa"	"gemischtes Sedimentgestein"
12523	"KlK-"	"gemischtes Sedimentgestein"
12882	"KlK+"	"gemischtes Sedimentgestein"
12907	"KlK+"	"gemischtes Sedimentgestein"
12883	"KlK+"	"gemischtes Sedimentgestein"
12860	"KlK+"	"gemischtes Sedimentgestein"
12378	"KlK+"	"gemischtes Sedimentgestein"
12958	"KlK+"	"gemischtes Sedimentgestein"
12165	"KlK+"	"gemischtes Sedimentgestein"
12884	"KlK+"	"gemischtes Sedimentgestein"
12156	"KlM+"	"gemischtes Sedimentgestein"
12339	"KlM+"	"gemischtes Sedimentgestein"
12231	"KlM+"	"gemischtes Sedimentgestein"
12322	"KlM+"	"gemischtes Sedimentgestein"
11475	"KlM+"	"gemischtes Sedimentgestein"
11489	"KlM+"	"gemischtes Sedimentgestein"
13002	"KlM+"	"gemischtes Sedimentgestein"
12359	"KlM+"	"gemischtes Sedimentgestein"
12867	"KlM+"	"gemischtes Sedimentgestein"
11490	"KlM+"	"gemischtes Sedimentgestein"
12186	"KlM+"	"gemischtes Sedimentgestein"
12360	"KlM+"	"gemischtes Sedimentgestein"
12236	"KlM+"	"gemischtes Sedimentgestein"
12941	"KlM+"	"gemischtes Sedimentgestein"
12214	"KlM+"	"gemischtes Sedimentgestein"
4344	"Ka"	"karbonatisches Festgestein"
4201	"Ka"	"karbonatisches Festgestein"
11459	"Ka"	"karbonatisches Festgestein"
12815	"Ka"	"karbonatisches Festgestein"
4197	"Ka"	"karbonatisches Festgestein"
12819	"Ka"	"karbonatisches Festgestein"
12205	"Ka"	"karbonatisches Festgestein"
4286	"Ka"	"karbonatisches Festgestein"
12323	"Ka"	"karbonatisches Festgestein"
12219	"Ka"	"karbonatisches Festgestein"
4324	"Ka"	"karbonatisches Festgestein"
4245	"Ka"	"karbonatisches Festgestein"
12595	"Ka"	"karbonatisches Festgestein"
12187	"Ka"	"karbonatisches Festgestein"
4241	"Ka"	"karbonatisches Festgestein"
12161	"Ka"	"karbonatisches Festgestein"
11391	"Ka"	"karbonatisches Festgestein"
11483	"Ka"	"karbonatisches Festgestein"
12181	"Ka"	"karbonatisches Festgestein"
4288	"Ka"	"karbonatisches Festgestein"
12250	"Ka"	"karbonatisches Festgestein"
12207	"Ka"	"karbonatisches Festgestein"
11407	"Ka"	"karbonatisches Festgestein"
12168	"Ka"	"karbonatisches Festgestein"
12167	"Ka"	"karbonatisches Festgestein"
12194	"Ka"	"karbonatisches Festgestein"
11451	"Ka"	"karbonatisches Festgestein"
11404	"Ka"	"karbonatisches Festgestein"
12331	"Ka"	"karbonatisches Festgestein"
12334	"Ka"	"karbonatisches Festgestein"
4284	"Ka"	"karbonatisches Festgestein"
11349	"Ka-"	"karbonatisches Festgestein"
11140	"Ka-"	"karbonatisches Festgestein"
11335	"Ka-"	"karbonatisches Festgestein"
12400	"Ka-"	"karbonatisches Festgestein"
12249	"Ka-"	"karbonatisches Festgestein"
11310	"Ka-"	"karbonatisches Festgestein"
12308	"Ka-"	"karbonatisches Festgestein"
11357	"Ka-"	"karbonatisches Festgestein"
12343	"Ka+"	"karbonatisches Festgestein"
11491	"Ka+"	"karbonatisches Festgestein"
12164	"Ka+"	"karbonatisches Festgestein"
12188	"Ka+"	"karbonatisches Festgestein"
12189	"Ka+"	"karbonatisches Festgestein"
12362	"Ka+"	"karbonatisches Festgestein"
12271	"Ka+"	"karbonatisches Festgestein"
12178	"Ka+"	"karbonatisches Festgestein"
12154	"Ka+"	"karbonatisches Festgestein"
12155	"Ka+"	"karbonatisches Festgestein"
12230	"Ka+"	"karbonatisches Festgestein"
12222	"Ka+"	"karbonatisches Festgestein"
12162	"Ka+"	"karbonatisches Festgestein"
12209	"Ka+"	"karbonatisches Festgestein"
12179	"Ka+"	"karbonatisches Festgestein"
12277	"Ka+"	"karbonatisches Festgestein"
12202	"Ka+"	"karbonatisches Festgestein"
12174	"Ka+"	"karbonatisches Festgestein"
12173	"Ka+"	"karbonatisches Festgestein"
12152	"Ka+"	"karbonatisches Festgestein"
12203	"Ka+"	"karbonatisches Festgestein"
12952	"Ka+"	"karbonatisches Festgestein"
12388	"Ka+"	"karbonatisches Festgestein"
12157	"Ka+"	"karbonatisches Festgestein"
12953	"Ka+"	"karbonatisches Festgestein"
12208	"Ka+"	"karbonatisches Festgestein"
12267	"Ka+"	"karbonatisches Festgestein"
12211	"Ka+"	"karbonatisches Festgestein"
12223	"Ka+"	"karbonatisches Festgestein"
12904	"Ka+"	"karbonatisches Festgestein"
12391	"Ka+"	"karbonatisches Festgestein"
12333	"Ka+"	"karbonatisches Festgestein"
12233	"Ka+"	"karbonatisches Festgestein"
12989	"Do"	"karbonatisches Festgestein"
12820	"Do"	"karbonatisches Festgestein"
12875	"Do"	"karbonatisches Festgestein"
4321	"Do"	"karbonatisches Festgestein"
12897	"Do"	"karbonatisches Festgestein"
11392	"Do"	"karbonatisches Festgestein"
4323	"Do"	"karbonatisches Festgestein"
4325	"Do"	"karbonatisches Festgestein"
12881	"Do"	"karbonatisches Festgestein"
12873	"Do"	"karbonatisches Festgestein"
4287	"Do"	"karbonatisches Festgestein"
11393	"Do"	"karbonatisches Festgestein"
12813	"Do"	"karbonatisches Festgestein"
4267	"Do"	"karbonatisches Festgestein"
4330	"Do"	"karbonatisches Festgestein"
11485	"Do"	"karbonatisches Festgestein"
4134	"Do"	"karbonatisches Festgestein"
12855	"Do"	"karbonatisches Festgestein"
4240	"Do"	"karbonatisches Festgestein"
4270	"Do"	"karbonatisches Festgestein"
12900	"Do"	"karbonatisches Festgestein"
4346	"Do"	"karbonatisches Festgestein"
11492	"Do"	"karbonatisches Festgestein"
11413	"Do"	"karbonatisches Festgestein"
11131	"Do"	"karbonatisches Festgestein"
11431	"Do"	"karbonatisches Festgestein"
11473	"Do"	"karbonatisches Festgestein"
4266	"Do"	"karbonatisches Festgestein"
4347	"Do"	"karbonatisches Festgestein"
11128	"Do"	"karbonatisches Festgestein"
12842	"Do"	"karbonatisches Festgestein"
4348	"Do"	"karbonatisches Festgestein"
4203	"Do"	"karbonatisches Festgestein"
11918	"Do"	"karbonatisches Festgestein"
11412	"Do"	"karbonatisches Festgestein"
4345	"Do"	"karbonatisches Festgestein"
11470	"Do"	"karbonatisches Festgestein"
12949	"Do"	"karbonatisches Festgestein"
4334	"Do"	"karbonatisches Festgestein"
11414	"Do"	"karbonatisches Festgestein"
4239	"Do"	"karbonatisches Festgestein"
11478	"Do"	"karbonatisches Festgestein"
12898	"Do"	"karbonatisches Festgestein"
12996	"Do"	"karbonatisches Festgestein"
12150	"Do"	"karbonatisches Festgestein"
11403	"Do"	"karbonatisches Festgestein"
11496	"Do"	"karbonatisches Festgestein"
12268	"Do"	"karbonatisches Festgestein"
4235	"Do"	"karbonatisches Festgestein"
11146	"Do"	"karbonatisches Festgestein"
12364	"Do"	"karbonatisches Festgestein"
11471	"Do"	"karbonatisches Festgestein"
12841	"Do"	"karbonatisches Festgestein"
12814	"Do"	"karbonatisches Festgestein"
4322	"Do"	"karbonatisches Festgestein"
12262	"Do"	"karbonatisches Festgestein"
12977	"Do"	"karbonatisches Festgestein"
12982	"Do"	"karbonatisches Festgestein"
12995	"Do"	"karbonatisches Festgestein"
11469	"Do"	"karbonatisches Festgestein"
11468	"Do"	"karbonatisches Festgestein"
12283	"Do"	"karbonatisches Festgestein"
11383	"Do"	"karbonatisches Festgestein"
12869	"Do"	"karbonatisches Festgestein"
4196	"Do"	"karbonatisches Festgestein"
11472	"Do"	"karbonatisches Festgestein"
12273	"Do"	"karbonatisches Festgestein"
11906	"Do"	"karbonatisches Festgestein"
4349	"Do"	"karbonatisches Festgestein"
11394	"Do"	"karbonatisches Festgestein"
12901	"Do"	"karbonatisches Festgestein"
11479	"Do"	"karbonatisches Festgestein"
11481	"Do"	"karbonatisches Festgestein"
11903	"Do"	"karbonatisches Festgestein"
4193	"Do"	"karbonatisches Festgestein"
11130	"Do"	"karbonatisches Festgestein"
12282	"Do"	"karbonatisches Festgestein"
11460	"Do"	"karbonatisches Festgestein"
4237	"Do"	"karbonatisches Festgestein"
11486	"Do"	"karbonatisches Festgestein"
12999	"Do"	"karbonatisches Festgestein"
12870	"Do"	"karbonatisches Festgestein"
4219	"Do"	"karbonatisches Festgestein"
12329	"Do"	"karbonatisches Festgestein"
12885	"Do"	"karbonatisches Festgestein"
11129	"Do"	"karbonatisches Festgestein"
12192	"Do"	"karbonatisches Festgestein"
11861	"Do"	"karbonatisches Festgestein"
4339	"Do"	"karbonatisches Festgestein"
12834	"Do"	"karbonatisches Festgestein"
12357	"Do"	"karbonatisches Festgestein"
4290	"Do"	"karbonatisches Festgestein"
12880	"Do"	"karbonatisches Festgestein"
11466	"Do"	"karbonatisches Festgestein"
12816	"Do"	"karbonatisches Festgestein"
11480	"Do"	"karbonatisches Festgestein"
4340	"Do"	"karbonatisches Festgestein"
11902	"Do"	"karbonatisches Festgestein"
11467	"Do"	"karbonatisches Festgestein"
12878	"Do"	"karbonatisches Festgestein"
11465	"Do"	"karbonatisches Festgestein"
12948	"Do"	"karbonatisches Festgestein"
11464	"Do"	"karbonatisches Festgestein"
12166	"Do"	"karbonatisches Festgestein"
4218	"Do"	"karbonatisches Festgestein"
11463	"Do"	"karbonatisches Festgestein"
12314	"Do"	"karbonatisches Festgestein"
12060	"Do-"	"karbonatisches Festgestein"
11432	"Do-"	"karbonatisches Festgestein"
11907	"Do-"	"karbonatisches Festgestein"
12980	"Do-"	"karbonatisches Festgestein"
12153	"Do-"	"karbonatisches Festgestein"
11430	"Do-"	"karbonatisches Festgestein"
12313	"Do+"	"karbonatisches Festgestein"
12180	"Do+"	"karbonatisches Festgestein"
11083	"MoCa"	"Moraene undifferenziert"
12849	"MoCa"	"Moraene undifferenziert"
12848	"MoCa"	"Moraene undifferenziert"
12991	"MoCa"	"Moraene undifferenziert"
12865	"MoCa"	"Moraene undifferenziert"
12566	"MoCa"	"Moraene undifferenziert"
12863	"MoCa"	"Moraene undifferenziert"
12947	"MoCa"	"Moraene undifferenziert"
12572	"MoCa"	"Moraene undifferenziert"
12892	"MoCa"	"Moraene undifferenziert"
12864	"MoCa"	"Moraene undifferenziert"
12185	"MoCa"	"Moraene undifferenziert"
12488	"MoCa"	"Moraene undifferenziert"
12830	"MoCa"	"Moraene undifferenziert"
12386	"MoCa"	"Moraene undifferenziert"
12918	"MoCa"	"Moraene undifferenziert"
12387	"MoCa"	"Moraene undifferenziert"
12959	"MoCa"	"Moraene undifferenziert"
12957	"MoCa"	"Moraene undifferenziert"
12903	"MoCa"	"Moraene undifferenziert"
12895	"MoC-"	"Moraene undifferenziert"
12573	"MoC-"	"Moraene undifferenziert"
12853	"MoC+"	"Moraene undifferenziert"
12396	"MoC+"	"Moraene undifferenziert"
12404	"MoC+"	"Moraene undifferenziert"
12596	"MoC+"	"Moraene undifferenziert"
12301	"MoC+"	"Moraene undifferenziert"
12367	"MoC+"	"Moraene undifferenziert"
12872	"MoC+"	"Moraene undifferenziert"
12940	"MoC+"	"Moraene undifferenziert"
4151	"MoMi"	"Moraene undifferenziert"
12288	"MoMi"	"Moraene undifferenziert"
4028	"MoMi"	"Moraene undifferenziert"
4251	"MoMi"	"Moraene undifferenziert"
4003	"MoMi"	"Moraene undifferenziert"
11698	"MoMi"	"Moraene undifferenziert"
4002	"MoMi"	"Moraene undifferenziert"
11625	"MoMi"	"Moraene undifferenziert"
11623	"MoMi"	"Moraene undifferenziert"
11121	"MoMi"	"Moraene undifferenziert"
11482	"MoMi"	"Moraene undifferenziert"
4081	"MoMi"	"Moraene undifferenziert"
11400	"MoMi"	"Moraene undifferenziert"
12575	"MoMi"	"Moraene undifferenziert"
12029	"MoMi"	"Moraene undifferenziert"
12419	"MoMi"	"Moraene undifferenziert"
11692	"MoMi"	"Moraene undifferenziert"
12838	"MoMi"	"Moraene undifferenziert"
4146	"MoMi"	"Moraene undifferenziert"
11124	"MoMi"	"Moraene undifferenziert"
4336	"MoMi"	"Moraene undifferenziert"
11778	"MoMi"	"Moraene undifferenziert"
12061	"MoMi"	"Moraene undifferenziert"
11901	"MoMi"	"Moraene undifferenziert"
11484	"MoMi"	"Moraene undifferenziert"
12946	"MoMi"	"Moraene undifferenziert"
12905	"MoMi"	"Moraene undifferenziert"
12459	"MoMi"	"Moraene undifferenziert"
11458	"MoMi"	"Moraene undifferenziert"
4049	"MoMi"	"Moraene undifferenziert"
4145	"MoMi"	"Moraene undifferenziert"
4079	"MoMi"	"Moraene undifferenziert"
4335	"MoMi"	"Moraene undifferenziert"
11681	"MoMi"	"Moraene undifferenziert"
11683	"MoMi"	"Moraene undifferenziert"
12818	"MoMi"	"Moraene undifferenziert"
4150	"MoMi"	"Moraene undifferenziert"
4153	"MoMi"	"Moraene undifferenziert"
4087	"MoMi"	"Moraene undifferenziert"
4006	"MoMi"	"Moraene undifferenziert"
12879	"MoMi"	"Moraene undifferenziert"
11343	"MoMi"	"Moraene undifferenziert"
4141	"MoMi"	"Moraene undifferenziert"
11461	"MoMi"	"Moraene undifferenziert"
12486	"MoMi"	"Moraene undifferenziert"
12487	"MoMi"	"Moraene undifferenziert"
4120	"MoMi"	"Moraene undifferenziert"
4121	"MoMi"	"Moraene undifferenziert"
11449	"MoMi"	"Moraene undifferenziert"
11493	"MoMi"	"Moraene undifferenziert"
4272	"MoMi"	"Moraene undifferenziert"
12025	"MoMi"	"Moraene undifferenziert"
12011	"MoMi"	"Moraene undifferenziert"
12877	"MoMi"	"Moraene undifferenziert"
4329	"MoMi"	"Moraene undifferenziert"
12876	"MoMi"	"Moraene undifferenziert"
12565	"MoMi"	"Moraene undifferenziert"
4291	"MoMi"	"Moraene undifferenziert"
12950	"MoMi"	"Moraene undifferenziert"
12844	"MoMi"	"Moraene undifferenziert"
12845	"MoMi"	"Moraene undifferenziert"
11952	"MoMi"	"Moraene undifferenziert"
11914	"MoMi"	"Moraene undifferenziert"
11818	"MoMi"	"Moraene undifferenziert"
12130	"MoMi"	"Moraene undifferenziert"
11943	"MoMi"	"Moraene undifferenziert"
11807	"MoMi"	"Moraene undifferenziert"
4020	"MoMi"	"Moraene undifferenziert"
12850	"MoMi"	"Moraene undifferenziert"
11497	"MoMi"	"Moraene undifferenziert"
11718	"MoMi"	"Moraene undifferenziert"
11122	"MoMi"	"Moraene undifferenziert"
11123	"MoMi"	"Moraene undifferenziert"
4159	"MoMi"	"Moraene undifferenziert"
4067	"MoMi"	"Moraene undifferenziert"
11803	"MoMi"	"Moraene undifferenziert"
11398	"MoMi"	"Moraene undifferenziert"
11495	"MoMi"	"Moraene undifferenziert"
11685	"MoMi"	"Moraene undifferenziert"
4206	"MoMi"	"Moraene undifferenziert"
4207	"MoMi"	"Moraene undifferenziert"
4139	"MoMi"	"Moraene undifferenziert"
4341	"MoMi"	"Moraene undifferenziert"
4143	"MoMi"	"Moraene undifferenziert"
11382	"MoMi"	"Moraene undifferenziert"
4212	"MoMi"	"Moraene undifferenziert"
11462	"MoMi"	"Moraene undifferenziert"
12302	"MoMi"	"Moraene undifferenziert"
11777	"MoMi"	"Moraene undifferenziert"
12303	"MoMi"	"Moraene undifferenziert"
11126	"MoMi"	"Moraene undifferenziert"
11834	"MoMi"	"Moraene undifferenziert"
4098	"MoMi"	"Moraene undifferenziert"
4221	"MoMi"	"Moraene undifferenziert"
12888	"MoMi"	"Moraene undifferenziert"
11915	"MoMi"	"Moraene undifferenziert"
11794	"MoMi"	"Moraene undifferenziert"
11920	"MoMi"	"Moraene undifferenziert"
12541	"MoMi"	"Moraene undifferenziert"
12056	"MoMi"	"Moraene undifferenziert"
11910	"MoMi"	"Moraene undifferenziert"
12817	"MoMi"	"Moraene undifferenziert"
4259	"MoMi"	"Moraene undifferenziert"
12812	"MoMi"	"Moraene undifferenziert"
11448	"MoMi"	"Moraene undifferenziert"
11916	"MoMi"	"Moraene undifferenziert"
12036	"MoMi"	"Moraene undifferenziert"
11094	"MoMi"	"Moraene undifferenziert"
12909	"MoMi"	"Moraene undifferenziert"
12433	"MoMi"	"Moraene undifferenziert"
12035	"MoMi"	"Moraene undifferenziert"
11833	"MoMi"	"Moraene undifferenziert"
11626	"MoMi"	"Moraene undifferenziert"
11935	"MoM-"	"Moraene undifferenziert"
11840	"MoM-"	"Moraene undifferenziert"
12485	"MoM-"	"Moraene undifferenziert"
12503	"MoM-"	"Moraene undifferenziert"
11927	"MoM-"	"Moraene undifferenziert"
12009	"MoM-"	"Moraene undifferenziert"
12456	"MoM-"	"Moraene undifferenziert"
11850	"MoM-"	"Moraene undifferenziert"
12902	"MoM-"	"Moraene undifferenziert"
12471	"MoM-"	"Moraene undifferenziert"
12577	"MoM-"	"Moraene undifferenziert"
12942	"MoM-"	"Moraene undifferenziert"
11950	"MoM-"	"Moraene undifferenziert"
11941	"MoM-"	"Moraene undifferenziert"
11832	"MoM-"	"Moraene undifferenziert"
11936	"MoM-"	"Moraene undifferenziert"
11926	"MoM-"	"Moraene undifferenziert"
11934	"MoM-"	"Moraene undifferenziert"
11821	"MoM-"	"Moraene undifferenziert"
12226	"MoM+"	"Moraene undifferenziert"
12861	"MoM+"	"Moraene undifferenziert"
12241	"MoM+"	"Moraene undifferenziert"
11543	"MoMB"	"Moraene undifferenziert"
11924	"MoBa"	"Moraene undifferenziert"
11884	"MoBa"	"Moraene undifferenziert"
12123	"MoB-"	"Moraene undifferenziert"
12524	"MoB-"	"Moraene undifferenziert"
12532	"MoB-"	"Moraene undifferenziert"
11616	"MoSi"	"Moraene undifferenziert"
11971	"MoSi"	"Moraene undifferenziert"
12005	"MoSi"	"Moraene undifferenziert"
11653	"MoSi"	"Moraene undifferenziert"
12407	"MoSi"	"Moraene undifferenziert"
12498	"MoSi"	"Moraene undifferenziert"
11858	"MoSi"	"Moraene undifferenziert"
12443	"MoSi"	"Moraene undifferenziert"
11980	"MoSi"	"Moraene undifferenziert"
11523	"MoSi"	"Moraene undifferenziert"
12522	"MoSi"	"Moraene undifferenziert"
11546	"MoSi"	"Moraene undifferenziert"
11513	"MoSi"	"Moraene undifferenziert"
11502	"MoSi"	"Moraene undifferenziert"
11605	"MoSi"	"Moraene undifferenziert"
12441	"MoSi"	"Moraene undifferenziert"
11558	"MoSi"	"Moraene undifferenziert"
11612	"MoSi"	"Moraene undifferenziert"
12519	"MoSi"	"Moraene undifferenziert"
11951	"MoSi"	"Moraene undifferenziert"
12546	"MoSi"	"Moraene undifferenziert"
12440	"MoSi"	"Moraene undifferenziert"
11534	"MoSi"	"Moraene undifferenziert"
13007	"MoSi"	"Moraene undifferenziert"
12515	"MoSi"	"Moraene undifferenziert"
11503	"MoSi"	"Moraene undifferenziert"
12962	"MoSi"	"Moraene undifferenziert"
12453	"MoSi"	"Moraene undifferenziert"
11960	"MoSi"	"Moraene undifferenziert"
11532	"MoSi"	"Moraene undifferenziert"
11583	"MoSi"	"Moraene undifferenziert"
11964	"MoSi"	"Moraene undifferenziert"
11627	"MoSi"	"Moraene undifferenziert"
12600	"MoSi"	"Moraene undifferenziert"
12506	"MoSi"	"Moraene undifferenziert"
11885	"MoSi"	"Moraene undifferenziert"
12455	"MoSi"	"Moraene undifferenziert"
11525	"MoSi"	"Moraene undifferenziert"
12960	"MoSi"	"Moraene undifferenziert"
11514	"MoSi"	"Moraene undifferenziert"
12448	"MoSi"	"Moraene undifferenziert"
11531	"MoSi"	"Moraene undifferenziert"
12963	"MoSi"	"Moraene undifferenziert"
11652	"MoSi"	"Moraene undifferenziert"
11651	"MoSi"	"Moraene undifferenziert"
11601	"MoSi"	"Moraene undifferenziert"
12452	"MoSi"	"Moraene undifferenziert"
12439	"MoSi"	"Moraene undifferenziert"
11526	"MoSi"	"Moraene undifferenziert"
12474	"MoSi"	"Moraene undifferenziert"
12415	"MoSi"	"Moraene undifferenziert"
12931	"MoSi"	"Moraene undifferenziert"
12581	"MoSi"	"Moraene undifferenziert"
12997	"MoSi"	"Moraene undifferenziert"
12473	"MoSi"	"Moraene undifferenziert"
12988	"MoSi"	"Moraene undifferenziert"
12926	"MoSi"	"Moraene undifferenziert"
11553	"MoSi"	"Moraene undifferenziert"
11581	"MoSi"	"Moraene undifferenziert"
11575	"MoSi"	"Moraene undifferenziert"
12961	"MoSi"	"Moraene undifferenziert"
12531	"MoSi"	"Moraene undifferenziert"
12429	"MoSi"	"Moraene undifferenziert"
11517	"MoSi"	"Moraene undifferenziert"
11825	"MoSi"	"Moraene undifferenziert"
11606	"MoSi"	"Moraene undifferenziert"
11566	"MoSi"	"Moraene undifferenziert"
12591	"MoSi"	"Moraene undifferenziert"
11504	"MoSi"	"Moraene undifferenziert"
12526	"MoSi"	"Moraene undifferenziert"
11808	"MoSi"	"Moraene undifferenziert"
11580	"MoSi"	"Moraene undifferenziert"
11809	"MoSi"	"Moraene undifferenziert"
11617	"MoSi"	"Moraene undifferenziert"
11967	"MoSi"	"Moraene undifferenziert"
11795	"MoS-"	"Moraene undifferenziert"
11701	"MoS-"	"Moraene undifferenziert"
11758	"MoS-"	"Moraene undifferenziert"
11679	"MoS-"	"Moraene undifferenziert"
11792	"MoS-"	"Moraene undifferenziert"
11769	"MoS-"	"Moraene undifferenziert"
11680	"MoS-"	"Moraene undifferenziert"
11790	"MoS-"	"Moraene undifferenziert"
11766	"MoS+"	"Moraene undifferenziert"
12195	"MoS+"	"Moraene undifferenziert"
11760	"MoS+"	"Moraene undifferenziert"
11672	"MoS+"	"Moraene undifferenziert"
11781	"MoS+"	"Moraene undifferenziert"
11895	"MoS+"	"Moraene undifferenziert"
11771	"MoS+"	"Moraene undifferenziert"
11671	"MoS+"	"Moraene undifferenziert"
11789	"MoS+"	"Moraene undifferenziert"
11776	"MoIn"	"Moraene undifferenziert"
12462	"MoIn"	"Moraene undifferenziert"
12420	"MoIn"	"Moraene undifferenziert"
12057	"MoIn"	"Moraene undifferenziert"
11878	"MoIn"	"Moraene undifferenziert"
12097	"MoIn"	"Moraene undifferenziert"
11348	"MoIn"	"Moraene undifferenziert"
11362	"MoIn"	"Moraene undifferenziert"
11797	"MoIn"	"Moraene undifferenziert"
12019	"MoIn"	"Moraene undifferenziert"
12031	"MoIn"	"Moraene undifferenziert"
12542	"MoIn"	"Moraene undifferenziert"
11368	"MoIn"	"Moraene undifferenziert"
12111	"MoIn"	"Moraene undifferenziert"
12107	"MoIn"	"Moraene undifferenziert"
11693	"MoIn"	"Moraene undifferenziert"
12936	"MoIn"	"Moraene undifferenziert"
11646	"MoIn"	"Moraene undifferenziert"
12110	"MoIn"	"Moraene undifferenziert"
11361	"MoIn"	"Moraene undifferenziert"
12925	"MoIn"	"Moraene undifferenziert"
11010	"MoIn"	"Moraene undifferenziert"
12466	"MoIn"	"Moraene undifferenziert"
11940	"MoIn"	"Moraene undifferenziert"
11796	"MoIn"	"Moraene undifferenziert"
11406	"MoIn"	"Moraene undifferenziert"
12078	"MoIn"	"Moraene undifferenziert"
12119	"MoIn"	"Moraene undifferenziert"
11046	"MoIn"	"Moraene undifferenziert"
12525	"MoIn"	"Moraene undifferenziert"
11136	"MoIn"	"Moraene undifferenziert"
12122	"MoIn"	"Moraene undifferenziert"
11134	"MoIn"	"Moraene undifferenziert"
11097	"MoIn"	"Moraene undifferenziert"
11112	"MoIn"	"Moraene undifferenziert"
12599	"MoIn"	"Moraene undifferenziert"
11163	"MoIn"	"Moraene undifferenziert"
11003	"MoIn"	"Moraene undifferenziert"
11132	"MoIn"	"Moraene undifferenziert"
11114	"MoIn"	"Moraene undifferenziert"
11848	"MoIn"	"Moraene undifferenziert"
12986	"MoIn"	"Moraene undifferenziert"
11610	"MoIn"	"Moraene undifferenziert"
11962	"MoIn"	"Moraene undifferenziert"
11009	"MoIn"	"Moraene undifferenziert"
11798	"MoIn"	"Moraene undifferenziert"
12109	"MoIn"	"Moraene undifferenziert"
12312	"MoIn"	"Moraene undifferenziert"
11150	"MoIn"	"Moraene undifferenziert"
12075	"MoIn"	"Moraene undifferenziert"
11085	"MoIn"	"Moraene undifferenziert"
11767	"MoIn"	"Moraene undifferenziert"
12065	"MoIn"	"Moraene undifferenziert"
12105	"MoIn"	"Moraene undifferenziert"
12512	"MoIn"	"Moraene undifferenziert"
12935	"MoIn"	"Moraene undifferenziert"
11347	"MoIn"	"Moraene undifferenziert"
11624	"MoIn"	"Moraene undifferenziert"
12297	"MoIn"	"Moraene undifferenziert"
11457	"MoIn"	"Moraene undifferenziert"
11823	"MoIn"	"Moraene undifferenziert"
13003	"MoIn"	"Moraene undifferenziert"
12923	"MoIn"	"Moraene undifferenziert"
11139	"MoIn"	"Moraene undifferenziert"
11876	"MoIn"	"Moraene undifferenziert"
12118	"MoIn"	"Moraene undifferenziert"
12089	"MoIn"	"Moraene undifferenziert"
12051	"MoIn"	"Moraene undifferenziert"
12535	"MoIn"	"Moraene undifferenziert"
12042	"MoIn"	"Moraene undifferenziert"
11045	"MoIn"	"Moraene undifferenziert"
12553	"MoIn"	"Moraene undifferenziert"
12533	"MoIn"	"Moraene undifferenziert"
12070	"MoIn"	"Moraene undifferenziert"
11704	"MoIn"	"Moraene undifferenziert"
12521	"MoIn"	"Moraene undifferenziert"
11822	"MoIn"	"Moraene undifferenziert"
12899	"MoIn"	"Moraene undifferenziert"
11300	"MoIn"	"Moraene undifferenziert"
11673	"MoIn"	"Moraene undifferenziert"
11886	"MoIn"	"Moraene undifferenziert"
11929	"MoIn"	"Moraene undifferenziert"
11539	"MoIn"	"Moraene undifferenziert"
12171	"MoIn"	"Moraene undifferenziert"
12408	"MoIn"	"Moraene undifferenziert"
11705	"MoIn"	"Moraene undifferenziert"
11830	"MoIn"	"Moraene undifferenziert"
11725	"MoIn"	"Moraene undifferenziert"
12454	"MoIn"	"Moraene undifferenziert"
12507	"MoIn"	"Moraene undifferenziert"
11111	"MoIn"	"Moraene undifferenziert"
12072	"MoIn"	"Moraene undifferenziert"
11779	"MoI+"	"Moraene undifferenziert"
12238	"MoKa"	"Moraene undifferenziert"
12300	"MoKa"	"Moraene undifferenziert"
12183	"MoKa"	"Moraene undifferenziert"
12319	"MoKa"	"Moraene undifferenziert"
11904	"MoKa"	"Moraene undifferenziert"
12239	"MoKa"	"Moraene undifferenziert"
12353	"MoKa"	"Moraene undifferenziert"
12151	"MoKa"	"Moraene undifferenziert"
12163	"MoKa"	"Moraene undifferenziert"
12460	"MoKa"	"Moraene undifferenziert"
12197	"MoKa"	"Moraene undifferenziert"
12275	"MoKa"	"Moraene undifferenziert"
12392	"MoKa"	"Moraene undifferenziert"
12293	"MoKa"	"Moraene undifferenziert"
12371	"MoKa"	"Moraene undifferenziert"
12227	"MoKa"	"Moraene undifferenziert"
12823	"MoKa"	"Moraene undifferenziert"
12306	"MoKa"	"Moraene undifferenziert"
12270	"MoKa"	"Moraene undifferenziert"
12567	"MoKa"	"Moraene undifferenziert"
12287	"MoKa"	"Moraene undifferenziert"
12299	"MoKa"	"Moraene undifferenziert"
12184	"MoKa"	"Moraene undifferenziert"
12369	"MoKa"	"Moraene undifferenziert"
12341	"MoKa"	"Moraene undifferenziert"
12281	"MoK-"	"Moraene undifferenziert"
12304	"MoK-"	"Moraene undifferenziert"
12318	"MoK-"	"Moraene undifferenziert"
12361	"MoK-"	"Moraene undifferenziert"
12279	"MoK-"	"Moraene undifferenziert"
12246	"MoK-"	"Moraene undifferenziert"
12366	"MoK-"	"Moraene undifferenziert"
11857	"MoK-"	"Moraene undifferenziert"
12363	"MoK-"	"Moraene undifferenziert"
12285	"MoK-"	"Moraene undifferenziert"
12245	"MoK-"	"Moraene undifferenziert"
12229	"MoK-"	"Moraene undifferenziert"
12355	"MoK-"	"Moraene undifferenziert"
12286	"MoK-"	"Moraene undifferenziert"
12305	"MoK-"	"Moraene undifferenziert"
12228	"MoK-"	"Moraene undifferenziert"
12172	"MoK-"	"Moraene undifferenziert"
12381	"MoK-"	"Moraene undifferenziert"
12176	"MoK+"	"Moraene undifferenziert"
12201	"MoK+"	"Moraene undifferenziert"
12389	"MoK+"	"Moraene undifferenziert"
12594	"MoKB"	"Moraene undifferenziert"
11663	"MoTo"	"Grundmoraene"
11744	"MoTo"	"Grundmoraene"
11660	"MoTo"	"Grundmoraene"
12927	"HaSi"	"Hangschutt"
11994	"HaSi"	"Hangschutt"
11939	"HaSi"	"Hangschutt"
12137	"HaSi"	"Hangschutt"
11323	"HaSi"	"Hangschutt"
12450	"HaSi"	"Hangschutt"
12046	"HaSi"	"Hangschutt"
12490	"HaSi"	"Hangschutt"
12492	"HaSi"	"Hangschutt"
12587	"HaSi"	"Hangschutt"
11775	"HaSi"	"Hangschutt"
11995	"HaSi"	"Hangschutt"
12938	"HaSi"	"Hangschutt"
12530	"HaSi"	"Hangschutt"
12545	"HaSi"	"Hangschutt"
11889	"HaSi"	"Hangschutt"
12402	"HaSi"	"Hangschutt"
11990	"HaSi"	"Hangschutt"
12502	"HaSi"	"Hangschutt"
11867	"HaSi"	"Hangschutt"
11571	"HaSi"	"Hangschutt"
12497	"HaSi"	"Hangschutt"
11586	"HaSi"	"Hangschutt"
12964	"HaSi"	"Hangschutt"
11506	"HaSi"	"Hangschutt"
12500	"HaSi"	"Hangschutt"
11550	"HaSi"	"Hangschutt"
11969	"HaSi"	"Hangschutt"
12132	"HaSi"	"Hangschutt"
11655	"HaSi"	"Hangschutt"
12417	"HaSi"	"Hangschutt"
11977	"HaSi"	"Hangschutt"
11569	"HaSi"	"Hangschutt"
12528	"HaSi"	"Hangschutt"
11888	"HaSi"	"Hangschutt"
12975	"HaSi"	"Hangschutt"
12569	"HaSi"	"Hangschutt"
12432	"HaSi"	"Hangschutt"
12965	"HaSi"	"Hangschutt"
11982	"HaSi"	"Hangschutt"
12590	"HaSi"	"Hangschutt"
11835	"HaSi"	"Hangschutt"
11871	"HaSi"	"Hangschutt"
11868	"HaSi"	"Hangschutt"
13000	"HaSi"	"Hangschutt"
12470	"HaSi"	"Hangschutt"
11892	"HaSi"	"Hangschutt"
12570	"HaSi"	"Hangschutt"
11975	"HaSi"	"Hangschutt"
12136	"HaSi"	"Hangschutt"
11568	"HaSi"	"Hangschutt"
11520	"HaSi"	"Hangschutt"
12476	"HaSi"	"Hangschutt"
11644	"HaSi"	"Hangschutt"
12494	"HaSi"	"Hangschutt"
12412	"HaSi"	"Hangschutt"
12499	"HaSi"	"Hangschutt"
11987	"HaSi"	"Hangschutt"
12568	"HaSi"	"Hangschutt"
11618	"HaSi"	"Hangschutt"
11306	"HaSi"	"Hangschutt"
11556	"HaSi"	"Hangschutt"
12852	"HaSi"	"Hangschutt"
12973	"HaSi"	"Hangschutt"
12413	"HaSi"	"Hangschutt"
11560	"HaSi"	"Hangschutt"
11573	"HaSi"	"Hangschutt"
11535	"HaSi"	"Hangschutt"
12851	"HaSi"	"Hangschutt"
12597	"HaSi"	"Hangschutt"
12131	"HaSi"	"Hangschutt"
12416	"HaSi"	"Hangschutt"
11654	"HaSi"	"Hangschutt"
12974	"HaSi"	"Hangschutt"
11530	"HaSi"	"Hangschutt"
12540	"HaSi"	"Hangschutt"
12592	"HaSi"	"Hangschutt"
12437	"HaSi"	"Hangschutt"
12954	"HaSi"	"Hangschutt"
12939	"HaSi"	"Hangschutt"
12972	"HaSi"	"Hangschutt"
12401	"HaSi"	"Hangschutt"
12483	"HaSi"	"Hangschutt"
12593	"HaSi"	"Hangschutt"
12436	"HaSi"	"Hangschutt"
11873	"HaSi"	"Hangschutt"
12574	"HaSi"	"Hangschutt"
12445	"HaSi"	"Hangschutt"
12428	"HaSi"	"Hangschutt"
12979	"HaSi"	"Hangschutt"
12403	"HaSi"	"Hangschutt"
11988	"KiSi"	"Alluviale Ablagerung"
11509	"KiSi"	"Alluviale Ablagerung"
11650	"HaS0"	"Hangschutt"
11662	"HaS-"	"Hangschutt"
11628	"HaS-"	"Hangschutt"
11752	"HaS+"	"Hangschutt"
11666	"HaS+"	"Hangschutt"
11805	"HaS+"	"Hangschutt"
11668	"HaS+"	"Hangschutt"
11750	"HaS+"	"Hangschutt"
11787	"HaS+"	"Hangschutt"
11788	"HaS+"	"Hangschutt"
11658	"KiS0"	"Alluviale Ablagerung"
11659	"KiS0"	"Alluviale Ablagerung"
12206	"HaKa"	"Hangschutt"
11477	"HaKa"	"Hangschutt"
12259	"HaKa"	"Hangschutt"
12868	"HaKa"	"Hangschutt"
12217	"HaKa"	"Hangschutt"
12913	"HaKa"	"Hangschutt"
12829	"HaKa"	"Hangschutt"
12191	"HaKa"	"Hangschutt"
12258	"HaKa"	"Hangschutt"
12365	"HaKa"	"Hangschutt"
12847	"HaKa"	"Hangschutt"
12984	"HaKa"	"Hangschutt"
12358	"HaKa"	"Hangschutt"
12394	"HaKa"	"Hangschutt"
11487	"HaKa"	"Hangschutt"
11456	"HaKa"	"Hangschutt"
12910	"HaKa"	"Hangschutt"
12994	"HaKa"	"Hangschutt"
11476	"HaKa"	"Hangschutt"
12234	"HaKa"	"Hangschutt"
12836	"HaKa"	"Hangschutt"
12212	"HaKa"	"Hangschutt"
12911	"HaKa"	"Hangschutt"
12215	"HaKa"	"Hangschutt"
12213	"HaKa"	"Hangschutt"
12221	"HaKa"	"Hangschutt"
11474	"HaKa"	"Hangschutt"
12385	"HaKa"	"Hangschutt"
12862	"HaKa"	"Hangschutt"
12210	"HaKa"	"Hangschutt"
12235	"HaKa"	"Hangschutt"
12291	"HaKa"	"Hangschutt"
12354	"HaKa"	"Hangschutt"
12372	"HaKa"	"Hangschutt"
12182	"HaKa"	"Hangschutt"
12225	"HaKa"	"Hangschutt"
12915	"HaKa"	"Hangschutt"
12321	"KiKa"	"Alluviale Ablagerung"
12395	"KiKa"	"Alluviale Ablagerung"
12398	"KiKa"	"Alluviale Ablagerung"
12292	"KiKa"	"Alluviale Ablagerung"
12116	"KiKa"	"Alluviale Ablagerung"
12397	"KiKa"	"Alluviale Ablagerung"
12356	"HaK0"	"Hangschutt"
12317	"HaK0"	"Hangschutt"
12289	"HaK0"	"Hangschutt"
12263	"HaK-"	"Hangschutt"
11494	"HaK-"	"Hangschutt"
11141	"HaK-"	"Hangschutt"
11151	"HaK-"	"Hangschutt"
12346	"HaK-"	"Hangschutt"
12858	"HaK-"	"Hangschutt"
11855	"HaK-"	"Hangschutt"
12887	"HaK-"	"Hangschutt"
12906	"HaK-"	"Hangschutt"
12370	"HaK-"	"Hangschutt"
12874	"HaK-"	"Hangschutt"
12856	"HaK-"	"Hangschutt"
12290	"HaK-"	"Hangschutt"
12316	"HaK-"	"Hangschutt"
12993	"HaK-"	"Hangschutt"
12871	"HaK-"	"Hangschutt"
12990	"HaK-"	"Hangschutt"
11278	"HaK-"	"Hangschutt"
12889	"HaK-"	"Hangschutt"
12382	"HaK-"	"Hangschutt"
13004	"HaK-"	"Hangschutt"
12383	"HaK-"	"Hangschutt"
11919	"HaK-"	"Hangschutt"
11911	"HaK-"	"Hangschutt"
11275	"HaK-"	"Hangschutt"
11276	"HaK-"	"Hangschutt"
12821	"HaK-"	"Hangschutt"
12846	"HaK-"	"Hangschutt"
12340	"HaK-"	"Hangschutt"
12326	"HaK-"	"Hangschutt"
12349	"HaK-"	"Hangschutt"
12854	"HaK-"	"Hangschutt"
12325	"HaK-"	"Hangschutt"
12272	"HaK-"	"Hangschutt"
12073	"HaK-"	"Hangschutt"
11913	"HaK-"	"Hangschutt"
11860	"HaK-"	"Hangschutt"
11286	"HaK-"	"Hangschutt"
12824	"HaK-"	"Hangschutt"
12839	"HaK-"	"Hangschutt"
12068	"HaK-"	"Hangschutt"
12350	"HaK-"	"Hangschutt"
12338	"HaK-"	"Hangschutt"
12894	"HaK-"	"Hangschutt"
12175	"HaK-"	"Hangschutt"
12337	"HaK-"	"Hangschutt"
12347	"HaK-"	"Hangschutt"
11826	"HaK-"	"Hangschutt"
12857	"HaK-"	"Hangschutt"
12886	"HaK-"	"Hangschutt"
12840	"HaK-"	"Hangschutt"
12981	"HaK-"	"Hangschutt"
12198	"HaK-"	"Hangschutt"
12945	"HaK-"	"Hangschutt"
11143	"HaK-"	"Hangschutt"
12896	"HaK-"	"Hangschutt"
11854	"HaK-"	"Hangschutt"
12891	"HaK-"	"Hangschutt"
12169	"HaK-"	"Hangschutt"
12193	"HaK-"	"Hangschutt"
11088	"HaK-"	"Hangschutt"
12992	"HaK-"	"Hangschutt"
12916	"HaK-"	"Hangschutt"
12985	"HaK-"	"Hangschutt"
12309	"HaK-"	"Hangschutt"
12822	"HaK-"	"Hangschutt"
12890	"HaK-"	"Hangschutt"
12944	"HaK-"	"Hangschutt"
11284	"HaK-"	"Hangschutt"
12917	"HaK-"	"Hangschutt"
11828	"HaK-"	"Hangschutt"
11285	"HaK-"	"Hangschutt"
12835	"HaK-"	"Hangschutt"
12978	"HaK-"	"Hangschutt"
12148	"HaK-"	"Hangschutt"
11689	"HaK-"	"Hangschutt"
11900	"HaK-"	"Hangschutt"
11279	"HaK-"	"Hangschutt"
12893	"HaK-"	"Hangschutt"
11455	"HaK-"	"Hangschutt"
11277	"HaK-"	"Hangschutt"
12564	"HaK-"	"Hangschutt"
12062	"HaK-"	"Hangschutt"
12149	"HaK-"	"Hangschutt"
12983	"HaK-"	"Hangschutt"
12177	"HaK+"	"Hangschutt"
12330	"HaK+"	"Hangschutt"
12200	"HaK+"	"Hangschutt"
12248	"HaK+"	"Hangschutt"
12832	"HaK+"	"Hangschutt"
12348	"HaK+"	"Hangschutt"
12269	"HaK+"	"Hangschutt"
12393	"HaK+"	"Hangschutt"
12998	"HaK+"	"Hangschutt"
12261	"HaK+"	"Hangschutt"
12252	"HaK+"	"Hangschutt"
12251	"HaK+"	"Hangschutt"
12218	"HaK+"	"Hangschutt"
12399	"HaK+"	"Hangschutt"
12190	"HaK+"	"Hangschutt"
12352	"KiK0"	"Alluviale Ablagerung"
12310	"KiK0"	"Alluviale Ablagerung"
12336	"KiK0"	"Alluviale Ablagerung"
11147	"KiK-"	"Alluviale Ablagerung"
11283	"KiK-"	"Alluviale Ablagerung"
11909	"KiK-"	"Alluviale Ablagerung"
12342	"KiK-"	"Alluviale Ablagerung"
11280	"KiK-"	"Alluviale Ablagerung"
11148	"KiK-"	"Alluviale Ablagerung"
11879	"KiK-"	"Alluviale Ablagerung"
11917	"KiK-"	"Alluviale Ablagerung"
11282	"KiK-"	"Alluviale Ablagerung"
12377	"KiK-"	"Alluviale Ablagerung"
11897	"KiK-"	"Alluviale Ablagerung"
11149	"KiK-"	"Alluviale Ablagerung"
12859	"KiK-"	"Alluviale Ablagerung"
11281	"KiK-"	"Alluviale Ablagerung"
12351	"KiK-"	"Alluviale Ablagerung"
12837	"KiK-"	"Alluviale Ablagerung"
12380	"KiK-"	"Alluviale Ablagerung"
11896	"KiK-"	"Alluviale Ablagerung"
12390	"KiK-"	"Alluviale Ablagerung"
12243	"KiK+"	"Alluviale Ablagerung"
12276	"KiK+"	"Alluviale Ablagerung"
12324	"KiK+"	"Alluviale Ablagerung"
11638	"HaIn"	"Hangschutt"
11337	"HaIn"	"Hangschutt"
11307	"HaIn"	"Hangschutt"
11615	"HaIn"	"Hangschutt"
12088	"HaIn"	"Hangschutt"
12463	"HaIn"	"Hangschutt"
11923	"HaIn"	"Hangschutt"
11599	"HaIn"	"Hangschutt"
12086	"HaIn"	"Hangschutt"
11882	"HaIn"	"Hangschutt"
11991	"HaIn"	"Hangschutt"
11642	"HaIn"	"Hangschutt"
11204	"HaIn"	"Hangschutt"
11241	"HaIn"	"Hangschutt"
11836	"HaIn"	"Hangschutt"
11516	"HaIn"	"Hangschutt"
11153	"HaIn"	"Hangschutt"
11014	"HaIn"	"Hangschutt"
11202	"HaIn"	"Hangschutt"
12015	"HaIn"	"Hangschutt"
11203	"HaIn"	"Hangschutt"
12017	"HaIn"	"Hangschutt"
12006	"HaIn"	"Hangschutt"
11883	"HaIn"	"Hangschutt"
12064	"HaIn"	"Hangschutt"
12549	"HaIn"	"Hangschutt"
12080	"HaIn"	"Hangschutt"
11956	"HaIn"	"Hangschutt"
11877	"HaIn"	"Hangschutt"
11957	"HaIn"	"Hangschutt"
11303	"HaIn"	"Hangschutt"
11637	"HaIn"	"Hangschutt"
12934	"HaIn"	"Hangschutt"
11880	"HaIn"	"Hangschutt"
12406	"HaIn"	"Hangschutt"
11243	"HaIn"	"Hangschutt"
11635	"HaIn"	"Hangschutt"
12518	"HaIn"	"Hangschutt"
12020	"HaIn"	"Hangschutt"
12026	"HaIn"	"Hangschutt"
11342	"HaIn"	"Hangschutt"
11985	"HaIn"	"Hangschutt"
11538	"HaIn"	"Hangschutt"
11212	"HaIn"	"Hangschutt"
11013	"HaIn"	"Hangschutt"
11812	"HaIn"	"Hangschutt"
11240	"HaIn"	"Hangschutt"
11611	"HaIn"	"Hangschutt"
11218	"HaIn"	"Hangschutt"
11217	"HaIn"	"Hangschutt"
11231	"HaIn"	"Hangschutt"
11220	"HaIn"	"Hangschutt"
12548	"HaIn"	"Hangschutt"
11983	"HaIn"	"Hangschutt"
12037	"HaIn"	"Hangschutt"
11142	"HaIn"	"Hangschutt"
11511	"HaIn"	"Hangschutt"
12082	"HaIn"	"Hangschutt"
11839	"HaIn"	"Hangschutt"
11609	"HaIn"	"Hangschutt"
11908	"HaIn"	"Hangschutt"
11331	"HaIn"	"Hangschutt"
11226	"HaIn"	"Hangschutt"
12033	"HaIn"	"Hangschutt"
11764	"HaIn"	"Hangschutt"
11004	"HaIn"	"Hangschutt"
11589	"HaIn"	"Hangschutt"
11632	"HaIn"	"Hangschutt"
11890	"HaIn"	"Hangschutt"
11007	"HaIn"	"Hangschutt"
12254	"HaIn"	"Hangschutt"
11853	"HaIn"	"Hangschutt"
11253	"HaIn"	"Hangschutt"
11227	"HaIn"	"Hangschutt"
11201	"HaIn"	"Hangschutt"
11648	"HaIn"	"Hangschutt"
11932	"HaIn"	"Hangschutt"
11138	"HaIn"	"Hangschutt"
11547	"HaIn"	"Hangschutt"
11817	"HaIn"	"Hangschutt"
11847	"HaIn"	"Hangschutt"
12146	"HaIn"	"Hangschutt"
11250	"HaIn"	"Hangschutt"
11621	"HaIn"	"Hangschutt"
12510	"HaIn"	"Hangschutt"
11634	"HaIn"	"Hangschutt"
11649	"HaIn"	"Hangschutt"
12921	"HaIn"	"Hangschutt"
12551	"HaIn"	"Hangschutt"
11942	"HaIn"	"Hangschutt"
12517	"HaIn"	"Hangschutt"
11544	"HaIn"	"Hangschutt"
11219	"HaIn"	"Hangschutt"
11998	"HaIn"	"Hangschutt"
11753	"HaIn"	"Hangschutt"
11222	"HaIn"	"Hangschutt"
12117	"HaIn"	"Hangschutt"
11554	"HaIn"	"Hangschutt"
12093	"HaIn"	"Hangschutt"
11008	"HaIn"	"Hangschutt"
11999	"HaIn"	"Hangschutt"
11562	"HaIn"	"Hangschutt"
11912	"HaIn"	"Hangschutt"
11341	"HaIn"	"Hangschutt"
12516	"HaIn"	"Hangschutt"
11768	"HaIn"	"Hangschutt"
11237	"HaIn"	"Hangschutt"
12144	"HaIn"	"Hangschutt"
11968	"HaIn"	"Hangschutt"
11933	"HaIn"	"Hangschutt"
12552	"HaIn"	"Hangschutt"
12140	"HaIn"	"Hangschutt"
11536	"HaIn"	"Hangschutt"
12102	"HaIn"	"Hangschutt"
11137	"HaIn"	"Hangschutt"
11863	"HaIn"	"Hangschutt"
12558	"HaIn"	"Hangschutt"
11225	"HaIn"	"Hangschutt"
12143	"HaIn"	"Hangschutt"
12094	"HaIn"	"Hangschutt"
12536	"HaIn"	"Hangschutt"
11643	"HaIn"	"Hangschutt"
11133	"HaIn"	"Hangschutt"
12071	"HaIn"	"Hangschutt"
11748	"HaIn"	"Hangschutt"
12509	"HaIn"	"Hangschutt"
12968	"HaIn"	"Hangschutt"
11521	"HaIn"	"Hangschutt"
12021	"HaIn"	"Hangschutt"
11561	"HaIn"	"Hangschutt"
11930	"HaIn"	"Hangschutt"
11811	"HaIn"	"Hangschutt"
11256	"HaIn"	"Hangschutt"
12090	"HaIn"	"Hangschutt"
11255	"HaIn"	"Hangschutt"
12008	"HaIn"	"Hangschutt"
11207	"HaIn"	"Hangschutt"
12048	"HaIn"	"Hangschutt"
11254	"HaIn"	"Hangschutt"
11248	"HaIn"	"Hangschutt"
11564	"HaIn"	"Hangschutt"
12514	"HaIn"	"Hangschutt"
11684	"HaIn"	"Hangschutt"
12550	"HaIn"	"Hangschutt"
12067	"KiIn"	"Alluviale Ablagerung"
4078	"KiIn"	"Alluviale Ablagerung"
4210	"KiIn"	"Alluviale Ablagerung"
11236	"KiIn"	"Alluviale Ablagerung"
11345	"KiIn"	"Alluviale Ablagerung"
4050	"KiIn"	"Alluviale Ablagerung"
11947	"KiIn"	"Alluviale Ablagerung"
11012	"KiIn"	"Alluviale Ablagerung"
11252	"KiIn"	"Alluviale Ablagerung"
11125	"KiIn"	"Alluviale Ablagerung"
11336	"KiIn"	"Alluviale Ablagerung"
11819	"KiIn"	"Alluviale Ablagerung"
11233	"KiIn"	"Alluviale Ablagerung"
4084	"KiIn"	"Alluviale Ablagerung"
11866	"KiIn"	"Alluviale Ablagerung"
4048	"KiIn"	"Alluviale Ablagerung"
11234	"KiIn"	"Alluviale Ablagerung"
11235	"KiIn"	"Alluviale Ablagerung"
4019	"KiIn"	"Alluviale Ablagerung"
11232	"KiIn"	"Alluviale Ablagerung"
11791	"HaI+"	"Hangschutt"
11799	"HaI+"	"Hangschutt"
11510	"KiI+"	"Alluviale Ablagerung"
12284	"HaBa"	"Hangschutt"
11524	"HaBa"	"Hangschutt"
12247	"HaBa"	"Hangschutt"
11557	"HaBa"	"Hangschutt"
11691	"HaBa"	"Hangschutt"
12480	"HaBa"	"Hangschutt"
11694	"HaBa"	"Hangschutt"
12374	"HaBa"	"Hangschutt"
12425	"HaBa"	"Hangschutt"
12295	"HaBa"	"Hangschutt"
11700	"HaBa"	"Hangschutt"
11717	"HaBa"	"Hangschutt"
11577	"HaBa"	"Hangschutt"
12410	"HaBa"	"Hangschutt"
11898	"HaBa"	"Hangschutt"
11856	"HaBa"	"Hangschutt"
11849	"HaBa"	"Hangschutt"
11358	"HaBa"	"Hangschutt"
11754	"HaBa"	"Hangschutt"
11563	"HaBa"	"Hangschutt"
11682	"HaBa"	"Hangschutt"
11699	"HaBa"	"Hangschutt"
11715	"HaBa"	"Hangschutt"
11820	"KiBa"	"Alluviale Ablagerung"
12987	"KiBa"	"Alluviale Ablagerung"
11946	"KiBa"	"Alluviale Ablagerung"
12444	"HaB-"	"Hangschutt"
11757	"HaB-"	"Hangschutt"
11740	"HaB-"	"Hangschutt"
12467	"HaB-"	"Hangschutt"
12465	"HaB-"	"Hangschutt"
11737	"HaB-"	"Hangschutt"
12457	"HaB-"	"Hangschutt"
11961	"HaB-"	"Hangschutt"
11743	"HaB-"	"Hangschutt"
11963	"HaB-"	"Hangschutt"
12520	"HaB-"	"Hangschutt"
12464	"HaB-"	"Hangschutt"
11793	"HaB-"	"Hangschutt"
11756	"HaB-"	"Hangschutt"
11674	"HaB-"	"Hangschutt"
11755	"HaB-"	"Hangschutt"
12496	"HaB-"	"Hangschutt"
11729	"HaB-"	"Hangschutt"
12458	"HaB-"	"Hangschutt"
11720	"HaB-"	"Hangschutt"
12579	"HaB-"	"Hangschutt"
12125	"HaB-"	"Hangschutt"
11735	"HaB-"	"Hangschutt"
11802	"HaB-"	"Hangschutt"
11670	"HaB-"	"Hangschutt"
11739	"HaB-"	"Hangschutt"
12547	"HaB-"	"Hangschutt"
12468	"HaB-"	"Hangschutt"
11675	"HaB-"	"Hangschutt"
11730	"HaB-"	"Hangschutt"
12956	"HaB-"	"Hangschutt"
12843	"HaB-"	"Hangschutt"
11774	"HaB-"	"Hangschutt"
11734	"HaB-"	"Hangschutt"
11746	"HaB-"	"Hangschutt"
11747	"HaB-"	"Hangschutt"
12477	"HaB-"	"Hangschutt"
11669	"HaB-"	"Hangschutt"
12240	"HaB+"	"Hangschutt"
12556	"KiB-"	"Alluviale Ablagerung"
12375	"KiB+"	"Alluviale Ablagerung"
11712	"HaMi"	"Hangschutt"
11454	"HaMi"	"Hangschutt"
11488	"HaMi"	"Hangschutt"
11770	"HaMi"	"Hangschutt"
12128	"HaMi"	"Hangschutt"
11859	"HaMi"	"Hangschutt"
11782	"HaMi"	"Hangschutt"
11862	"HaMi"	"Hangschutt"
11928	"HaMi"	"Hangschutt"
11953	"HaMi"	"Hangschutt"
12373	"HaMi"	"Hangschutt"
11710	"HaMi"	"Hangschutt"
12007	"HaMi"	"Hangschutt"
12030	"HaMi"	"Hangschutt"
11865	"HaMi"	"Hangschutt"
11783	"HaMi"	"Hangschutt"
12038	"HaMi"	"Hangschutt"
12409	"HaMi"	"Hangschutt"
11079	"KiMi"	"Alluviale Ablagerung"
12001	"KiMi"	"Alluviale Ablagerung"
12554	"KiMi"	"Alluviale Ablagerung"
11499	"KiMi"	"Alluviale Ablagerung"
12472	"KiMi"	"Alluviale Ablagerung"
11498	"KiMi"	"Alluviale Ablagerung"
12810	"KiMi"	"Alluviale Ablagerung"
12478	"KiMi"	"Alluviale Ablagerung"
11965	"KiMi"	"Alluviale Ablagerung"
11986	"KiMi"	"Alluviale Ablagerung"
12809	"KiMi"	"Alluviale Ablagerung"
12811	"KiMi"	"Alluviale Ablagerung"
11881	"HaM-"	"Hangschutt"
11905	"HaM-"	"Hangschutt"
12461	"HaM-"	"Hangschutt"
12943	"HaM+"	"Hangschutt"
12827	"HaM+"	"Hangschutt"
12826	"HaM+"	"Hangschutt"
12315	"HaM+"	"Hangschutt"
12825	"HaM+"	"Hangschutt"
12908	"HaM+"	"Hangschutt"
12120	"KiM-"	"Alluviale Ablagerung"
12278	"KiM+"	"Alluviale Ablagerung"
12232	"KiM+"	"Alluviale Ablagerung"
12320	"HaCa"	"Hangschutt"
12828	"HaCa"	"Hangschutt"
11110	"HaCa"	"Hangschutt"
12493	"HaCa"	"Hangschutt"
12311	"KiCa"	"Alluviale Ablagerung"
11087	"KiCa"	"Alluviale Ablagerung"
12196	"KiCa"	"Alluviale Ablagerung"
12345	"HaC+"	"Hangschutt"
12914	"HaC+"	"Hangschutt"
12951	"HaC+"	"Hangschutt"
12866	"HaC+"	"Hangschutt"
12216	"HaC+"	"Hangschutt"
12831	"HaC+"	"Hangschutt"
12912	"HaC+"	"Hangschutt"
12335	"HaC+"	"Hangschutt"
12833	"HaC+"	"Hangschutt"
12384	"HaC+"	"Hangschutt"
4285	"VaSi"	"gemischtes Sedimentgestein"
4278	"VaSi"	"gemischtes Sedimentgestein"
4283	"VaSi"	"gemischtes Sedimentgestein"
4264	"VaSi"	"gemischtes Sedimentgestein"
4226	"VaSi"	"gemischtes Sedimentgestein"
4331	"VaSi"	"gemischtes Sedimentgestein"
4274	"VaSi"	"gemischtes Sedimentgestein"
4250	"VaSi"	"gemischtes Sedimentgestein"
4195	"VaSi"	"gemischtes Sedimentgestein"
4173	"VaSi"	"gemischtes Sedimentgestein"
4135	"VaSi"	"gemischtes Sedimentgestein"
4276	"VaSi"	"gemischtes Sedimentgestein"
4176	"VaSi"	"gemischtes Sedimentgestein"
4292	"VaTo"	"gemischtes Sedimentgestein"
4214	"VaTo"	"gemischtes Sedimentgestein"
4198	"VaTo"	"gemischtes Sedimentgestein"
4252	"VaTo"	"gemischtes Sedimentgestein"
4202	"VaTo"	"gemischtes Sedimentgestein"
4130	"VaTo"	"gemischtes Sedimentgestein"
4275	"VaTo"	"gemischtes Sedimentgestein"
4277	"VaTo"	"gemischtes Sedimentgestein"
4192	"VaTo"	"gemischtes Sedimentgestein"
12563	"Org"	"Moorablagerung"
12561	"Org"	"Moorablagerung"
12571	"Org"	"Moorablagerung"
11238	"BlMi"	"Blockschutt"
13001	"BlSi"	"Blockschutt"
12475	"BlSi"	"Blockschutt"
11937	"BlSi"	"Blockschutt"
11989	"BlSi"	"Blockschutt"
11814	"BlSi"	"Blockschutt"
11540	"BlSi"	"Blockschutt"
12368	"BlSi"	"Blockschutt"
12133	"BlSi"	"Blockschutt"
12002	"BlSi"	"Blockschutt"
11763	"BlSi"	"Blockschutt"
11570	"BlSi"	"Blockschutt"
11869	"BlSi"	"Blockschutt"
12937	"BlSi"	"Blockschutt"
11875	"BlSi"	"Blockschutt"
12421	"BlSi"	"Blockschutt"
12083	"BlSi"	"Blockschutt"
11891	"BlSi"	"Blockschutt"
11852	"BlSi"	"Blockschutt"
11582	"BlSi"	"Blockschutt"
11519	"BlSi"	"Blockschutt"
12919	"BlSi"	"Blockschutt"
12435	"BlSi"	"Blockschutt"
12976	"BlSi"	"Blockschutt"
11501	"BlSi"	"Blockschutt"
11810	"BlSi"	"Blockschutt"
12376	"BlKa"	"Blockschutt"
11687	"BlKa"	"Blockschutt"
11677	"BlKa"	"Blockschutt"
11696	"BlKa"	"Blockschutt"
11716	"BlKa"	"Blockschutt"
12159	"BlKa"	"Blockschutt"
12344	"BlKa"	"Blockschutt"
12586	"BlKa"	"Blockschutt"
11688	"BlKa"	"Blockschutt"
12922	"BlIn"	"Blockschutt"
11841	"BlIn"	"Blockschutt"
12058	"BlIn"	"Blockschutt"
11697	"BlIn"	"Blockschutt"
11827	"BlIn"	"Blockschutt"
12079	"BlBa"	"Blockschutt"
12059	"BlBa"	"Blockschutt"
12096	"BlBa"	"Blockschutt"
11759	"KiTo"	"Alluviale Ablagerung"
4268	NA	NA
