"cat","x","y","ID","SGES","BODENTYP","PH_A","PH_B","Ausgangsma","Karbonat__"
"1","11.0","46.0","15581","B","(Para)Braunerde basenreich leicht","","7.0","","S"
"2","11.0","46.0","l05","B","Braunerde (basenarm)","0.0","5.0","","S"
"3","11.0","46.0","hd02","C","Braunerde carbonathaltig","0.0","0.0","","M"
"4","11.0","46.0","hd03","C","Braunerde carbonathaltig","0.0","0.0","","M"
"5","11.0","46.0","hd04","C","","0.0","0.0","","M"
"6","11.0","46.0","hd16","C","Braunerde carbonathaltig","0.0","0.0","","M"
"7","11.0","46.0","hf04","C","Pararendsina verbraunt","0.0","0.0","","M"
"8","11.0","46.0","hg05","C","Braunerde carbonathaltig","0.0","0.0","","M"
"9","11.0","46.0","hg09","C","Braunerde carbonathaltig","0.0","0.0","","M"
"10","11.0","46.0","hh02","C","Pararendsina verbraunt","0.0","0.0","","M"
"11","11.0","46.0","hh03","C","Pararendsina verbraunt","0.0","0.0","","M"
"12","11.0","46.0","hh07","C","Braunerde carbonathaltig","0.0","0.0","","M"
"13","11.0","46.0","lf01","C","Pararendsina verbraunt","","","","M"
"14","11.0","46.0","lf02","C","Pararendsina verbraunt","","","","M"
"15","11.0","46.0","lf06","C","Pararendsina verbraunt","","","","M"
"16","11.0","46.0","lf08","C","Braunerde carbonathaltig","","","","M"
"17","11.0","46.0","15403","C","Braunerde carbonathaltig","6.0","8.0","","M"
"18","11.0","46.0","k01","C","","0.0","0.0","","M"
"19","11.0","46.0","k03","C","Braunerde carbonathaltig","0.0","0.0","","M"
"20","11.0","46.0","k05","C","Braunerde carbonathaltig","0.0","0.0","","M"
"21","11.0","46.0","k06","C","Braunerde carbonathaltig","0.0","0.0","","M"
"22","11.0","46.0","v01","C","Braunerde carbonathaltig","0.0","0.0","","M"
"23","11.0","46.0","v03","C","Braunerde carbonathaltig","0.0","0.0","","M"
"24","11.0","46.0","v04","C","Parabraunerde","0.0","0.0","","M"
"25","11.0","46.0","v04a","C","Parabraunerde","0.0","0.0","","M"
"26","11.0","46.0","v10","C","Braunerde carbonathaltig","0.0","0.0","","M"
"27","11.0","46.0","x02","C","Braunerde carbonathaltig","0.0","0.0","","M"
"28","11.0","46.0","x03","C","Braunerde carbonathaltig","0.0","0.0","","M"
"29","11.0","46.0","x05","C","Braunerde carbonathaltig","0.0","0.0","","M"
"30","11.0","46.0","x06","C","","0.0","0.0","","M"
"31","11.0","46.0","x08","C","Pararendsina verbraunt","0.0","0.0","","M"
"32","11.0","46.0","x10","C","Braunerde carbonathaltig","0.0","0.0","","M"
"33","11.0","46.0","bd05","C","Braunerde carbonathaltig","0.0","0.0","","M"
"34","11.0","46.0","bd09","C","Braunerde carbonathaltig","0.0","0.0","","M"
"35","11.0","46.0","bd10","C","Braunerde carbonathaltig","0.0","0.0","","M"
"36","11.0","46.0","bd17","C","Braunerde carbonathaltig","0.0","0.0","","M"
"37","11.0","46.0","bd19","C","Braunerde carbonathaltig","0.0","0.0","","M"
"38","11.0","46.0","bd20","C","Braunerde carbonathaltig","0.0","0.0","","M"
"39","11.0","46.0","rc02","C","Pararendsina verbraunt","0.0","0.0","","M"
"40","11.0","46.0","nf01","C","Braunerde carbonathaltig","0.0","0.0","","M"
"41","11.0","46.0","nf03","C","Pararendsina verbraunt","0.0","0.0","","M"
"42","11.0","46.0","nf06","C","Braunerde carbonathaltig","0.0","0.0","","M"
"43","11.0","46.0","nb02","C","Pararendsina verbraunt","0.0","0.0","","M"
"44","11.0","46.0","hh16","C","Braunerde carbonathaltig","0.0","0.0","","M"
"45","11.0","46.0","hi03","C","Braunerde carbonathaltig","0.0","0.0","","M"
"46","11.0","46.0","hg01","C-","Pararendsina verbraunt","0.0","0.0","","M"
"47","11.0","46.0","v17","C-","Pararendzina","0.0","0.0","","M"
"48","11.0","46.0","15476","C+","Kalklehme (rezent)","","8.0","","M"
"49","11.0","46.0","hd01","C+","Kalkbraunlehm (Terra fusca relikt.)","0.0","0.0","","M"
"50","11.0","46.0","hh04","C+","Kalklehme (rezent)","0.0","0.0","","M"
"51","11.0","46.0","hh08","C+","Kalklehm-Rendzina","0.0","0.0","","M"
"52","11.0","46.0","lf05","C+","Pararendsina-Pelosol","","","","M"
"53","11.0","46.0","14101","C+","Braunerde auf bindig-tonigem Material (Pelosol)","8.0","8.0","","M"
"54","11.0","46.0","15404","C+","Braunerde auf bindig-tonigem Material (Pelosol)","7.0","7.0","","M"
"55","11.0","46.0","16204","C+","Kalklehm-Rendzina","7.0","7.0","","M"
"56","11.0","46.0","v05","C+","Kalklehme (rezent)","0.0","0.0","","M"
"57","11.0","46.0","v11","C+","","0.0","0.0","","M"
"58","11.0","46.0","v12","C+","Braunerde auf bindig-tonigem Material (Pelosol)","0.0","0.0","","M"
"59","11.0","46.0","be05","C+","Kalklehme (rezent)","0.0","0.0","","M"
"60","11.0","46.0","16201","C+","Parabraunerde","7.0","8.0","","M"
"61","11.0","46.0","na03","C+","Pararendsina-Pelosol","0.0","0.0","","M"
"62","11.0","46.0","na05","C+","Kalkbraunlehm (Terra fusca relikt.)","0.0","0.0","","M"
"63","11.0","46.0","nb04","C+","Pararendsina-Pelosol","0.0","0.0","","M"
"64","11.0","46.0","nb05","C+","Pararendsina-Pelosol","0.0","0.0","","M"
"65","11.0","46.0","14175","C+","Kalklehme (rezent)","","7.0","","M"
"66","11.0","46.0","he01","I","Braunerde (basenarm)","0.0","0.0","","S"
"67","11.0","46.0","hf01","I","Braunerde auf Lockersediment leicht","0.0","0.0","","S"
"68","11.0","46.0","hl03","I","Braunerde (basenarm)","0.0","0.0","","S"
"69","11.0","46.0","l01","I","Braunerde basenarm podsoliert","0.0","0.0","","S"
"70","11.0","46.0","l03","I","Braunerde (basenarm)","0.0","0.0","","S"
"71","11.0","46.0","l04","I","","0.0","0.0","","S"
"72","11.0","46.0","l07","I","Braunerde (basenarm)","0.0","0.0","","S"
"73","11.0","46.0","v09","I","Braunerde auf Lockersediment leicht","0.0","0.0","","S"
"74","11.0","46.0","v13","I","Braunerde basenarm podsoliert","0.0","0.0","","S"
"75","11.0","46.0","v20","I","Braunerde podsolig","0.0","0.0","","S"
"76","11.0","46.0","w01","I","Braunerde (basenarm)","0.0","0.0","","S"
"77","11.0","46.0","x01","I","Braunerde (basenarm)","0.0","0.0","","S"
"78","11.0","46.0","qa10","I","Braunerde basenarm podsoliert","0.0","0.0","","S"
"79","11.0","46.0","qa14","I","Braunerde basenarm podsoliert","0.0","0.0","","S"
"80","11.0","46.0","qa15","I","Braunerden auf Lockersedimenten","0.0","0.0","","S"
"81","11.0","46.0","15580","I","Braunerde auf Lockersediment leicht","","5.0","","S"
"82","11.0","46.0","4_U","ja","","","","","C"
"83","11.0","46.0","10_U","ja","","","","","C"
"84","11.0","46.0","11_U","ja","","","","","M"
"85","11.0","46.0","12_U","ja","","","","","C"
"86","11.0","46.0","15_U","ja","","","","","S"
"87","11.0","46.0","18_U","ja","","","","","C"
"88","11.0","46.0","19_U","ja","","","","","C"
"89","11.0","46.0","20_U","ja","","","","","M"
"90","11.0","46.0","27_U","ja","","","","","M"
"91","11.0","46.0","28_U","ja","","","","","M"
"92","11.0","46.0","43_T","ja","","","","","M"
"93","11.0","46.0","44_T","ja","","","","","C"
"94","11.0","46.0","45_T","ja","","","","","C"
"95","11.0","46.0","47_T","ja","","","","","C"
"96","11.0","46.0","48_T","ja","","","","","C"
"97","11.0","46.0","49_T","ja","","","","","C"
"98","11.0","46.0","50_T","ja","","","","","M"
"99","11.0","46.0","52_T","ja","","","","","M"
"100","11.0","46.0","53_T","ja","","","","","C"
"101","11.0","46.0","54_T","ja","","","","","M"
"102","11.0","46.0","55_T","ja","","","","","M"
"103","11.0","46.0","56_T","ja","","","","","M"
"104","11.0","46.0","15475","K","Kalklehm-Rendzina","","8.0","","C"
"105","11.0","46.0","hd08","K","Kalklehm-Rendzina","0.0","0.0","","C"
"106","11.0","46.0","hd15","K","Kalklehm-Rendzina","0.0","0.0","","C"
"107","11.0","46.0","hf05","K","Rendzina","0.0","0.0","","C"
"108","11.0","46.0","hg02","K","Kalklehm-Rendzina","0.0","0.0","","C"
"109","11.0","46.0","hg06","K","Kalklehm-Rendzina","0.0","0.0","","C"
"110","11.0","46.0","hg08","K","Kalklehm-Rendzina","0.0","0.0","","C"
"111","11.0","46.0","hh10","K","Kalklehm-Rendzina","0.0","0.0","","C"
"112","11.0","46.0","lf03","K","Kalklehm-Rendzina","","","","C"
"113","11.0","46.0","lf10","K","Kalklehm-Rendzina","","","","C"
"114","11.0","46.0","15401","K","Kalklehm-Rendzina","8.0","8.0","","C"
"115","11.0","46.0","g01","K","Kalklehm-Rendzina","0.0","0.0","","C"
"116","11.0","46.0","15402","K","Kalklehm-Rendzina","8.0","8.0","","C"
"117","11.0","46.0","v02","K","Kalklehm-Rendzina","0.0","0.0","","C"
"118","11.0","46.0","v06","K","","0.0","0.0","","C"
"119","11.0","46.0","v14","K","Rendzina","0.0","0.0","","C"
"120","11.0","46.0","v15","K","Moderrendzina","0.0","0.0","","C"
"121","11.0","46.0","v16","K","","0.0","0.0","","C"
"122","11.0","46.0","v18","K","Kalklehm-Rendzina","0.0","0.0","","C"
"123","11.0","46.0","bd07","K","Kalklehm-Rendzina","0.0","0.0","","C"
"124","11.0","46.0","nb03","K","Kalklehm-Rendzina","0.0","0.0","","C"
"125","11.0","46.0","14177","K","Kalklehm-Rendzina","0.0","0.0","","C"
"126","11.0","46.0","15477","K","Kalklehm-Rendzina","","9.0","","C"
"127","11.0","46.0","hd10","K","Kalklehm-Rendzina","0.0","0.0","","C"
"128","11.0","46.0","hd17","K","Kalklehm-Rendzina","0.0","0.0","","C"
"129","11.0","46.0","hg03","K","Kalklehm-Rendzina","0.0","0.0","","C"
"130","11.0","46.0","hh11","K","Rendzina","0.0","0.0","","C"
"131","11.0","46.0","hh12","K","Rendzina","0.0","0.0","","C"
"132","11.0","46.0","hi02","K","Kalklehm-Rendzina","0.0","0.0","","C"
"133","11.0","46.0","hd06","K-","Rendzina","0.0","0.0","","C"
"134","11.0","46.0","hd07","K-","Kalklehm-Rendzina","0.0","0.0","","C"
"135","11.0","46.0","hd09","K-","Rendzina","0.0","0.0","","C"
"136","11.0","46.0","hd13","K-","Rendzina","0.0","0.0","","C"
"137","11.0","46.0","hd14","K-","Rendzina","0.0","0.0","","C"
"138","11.0","46.0","hd18","K-","Rendzina","0.0","0.0","","C"
"139","11.0","46.0","hd19","K-","Rendzina","0.0","0.0","","C"
"140","11.0","46.0","hd20","K-","Rendzina","0.0","0.0","","C"
"141","11.0","46.0","hd21","K-","Kalklehm-Rendzina","0.0","0.0","","C"
"142","11.0","46.0","hg04","K-","Kalklehm-Rendzina","0.0","0.0","","C"
"143","11.0","46.0","hg07","K-","Rendzina","0.0","0.0","","C"
"144","11.0","46.0","hh01","K-","Rendzina","0.0","0.0","","C"
"145","11.0","46.0","hh05","K-","Rendzina","0.0","0.0","","C"
"146","11.0","46.0","hh06","K-","Rendzina","0.0","0.0","","C"
"147","11.0","46.0","lf09","K-","Rendzina","","","","C"
"148","11.0","46.0","v19","K-","Kalklehm-Rendzina","0.0","0.0","","C"
"149","11.0","46.0","15405","K-","Kalklehm-Rendzina","7.0","8.0","","C"
"150","11.0","46.0","bd01","K-","Moderrendzina","0.0","0.0","","C"
"151","11.0","46.0","bd02","K-","Kalklehm-Rendzina","0.0","0.0","","C"
"152","11.0","46.0","bd03","K-","Rendzina","0.0","0.0","","C"
"153","11.0","46.0","bd04","K-","Rendzina","0.0","0.0","","C"
"154","11.0","46.0","bd06","K-","Feinmaterial-Rohboden carbonathaltig","0.0","0.0","","C"
"155","11.0","46.0","bd11","K-","Rendzina","0.0","0.0","","C"
"156","11.0","46.0","bd12","K-","","0.0","0.0","","C"
"157","11.0","46.0","bd13","K-","Rendzina","0.0","0.0","","C"
"158","11.0","46.0","bd14","K-","","0.0","0.0","","C"
"159","11.0","46.0","bd16","K-","Kalklehm-Rendzina","0.0","0.0","","C"
"160","11.0","46.0","bd18","K-","Rendzina","0.0","0.0","","C"
"161","11.0","46.0","be02","K-","Rendzina","0.0","0.0","","C"
"162","11.0","46.0","f07","K-","Moderrendzina","0.0","0.0","","C"
"163","11.0","46.0","16202","K-","Rendzina","8.0","","","C"
"164","11.0","46.0","16203","K-","Rendzina","8.0","","","C"
"165","11.0","46.0","f08","K-","","0.0","0.0","","C"
"166","11.0","46.0","16250","K-","Rendzina","7.0","","","C"
"167","11.0","46.0","16251","K-","Kalklehm-Rendzina","7.0","8.0","","C"
"168","11.0","46.0","15450","K-","Rendzina","8.0","","","C"
"169","11.0","46.0","16253","K-","Rendzina","7.0","","","C"
"170","11.0","46.0","15451","K-","Rendzina","7.0","","","C"
"171","11.0","46.0","15452","K-","Rendzina","7.0","","","C"
"172","11.0","46.0","rc01","K-","Rendzina","0.0","0.0","","C"
"173","11.0","46.0","14154","K-","Rendzina","8.0","","","C"
"174","11.0","46.0","hh14","K-","Rendzina","0.0","0.0","","C"
"175","11.0","46.0","hh15","K-","Rendzina","0.0","0.0","","C"
"176","11.0","46.0","hh17","K-","Rendzina","0.0","0.0","","C"
"177","11.0","46.0","hi01","K-","Rendzina","0.0","0.0","","C"
"178","11.0","46.0","hd12","K+","Kalklehme (rezent)","0.0","0.0","","C"
"179","11.0","46.0","gr08","M","Braunerde basenreich","0.0","0.0","","M"
"180","11.0","46.0","lf04","M","Parabraunerde","","","","M"
"181","11.0","46.0","lf07","M","Parabraunerde karbonathaltig","","","","M"
"182","11.0","46.0","f03","M","Parabraunerde","0.0","0.0","","M"
"183","11.0","46.0","v07","M","Parabraunerde","0.0","0.0","","M"
"184","11.0","46.0","w06","M","Braunerde basenreich","0.0","0.0","","M"
"185","11.0","46.0","x100","M","","0.0","0.0","","M"
"186","11.0","46.0","x12","M","Braunerde basenreich","0.0","0.0","","M"
"187","11.0","46.0","x13","M","","0.0","0.0","","M"
"188","11.0","46.0","be03","M","Braunerde basenreich","0.0","0.0","","M"
"189","11.0","46.0","be06","M","","0.0","0.0","","M"
"190","11.0","46.0","15453","M","Braunerde carbonathaltig","4.0","7.0","","M"
"191","11.0","46.0","nf02","M","Braunerde carbonathaltig","0.0","0.0","","M"
"192","11.0","46.0","gr09","M","Braunerde carbonathaltig","0.0","0.0","","M"
"193","11.0","46.0","qa01","M-","Pararendzina","0.0","0.0","","M"
"194","11.0","46.0","14176","M+","Braunerde auf bindig-tonigem Material (Pelosol)","8.0","5.0","","M"
"195","11.0","46.0","gr10","M+","","0.0","0.0","","M"
"196","11.0","46.0","v08","M+","Braunerde auf bindig-tonigem Material (Pelosol)","0.0","0.0","","M"
"197","11.0","46.0","v22","M+","Braunerde auf bindig-tonigem Material (Pelosol)","0.0","0.0","","M"
"198","11.0","46.0","x04","M+","Pararendsina-Pelosol","0.0","0.0","","M"
"199","11.0","46.0","x07","M+","Braunerde auf bindig-tonigem Material (Pelosol)","0.0","0.0","","M"
"200","11.0","46.0","bd15","M+","Pararendsina-Pelosol","0.0","0.0","","M"
"201","11.0","46.0","be01","M+","Braunerde auf bindig-tonigem Material (Pelosol)","0.0","0.0","","M"
"202","11.0","46.0","be04","M+","Braunerde auf bindig-tonigem Material (Pelosol)","0.0","0.0","","M"
"203","11.0","46.0","na01","M+","Braunerde auf bindig-tonigem Material (Pelosol)","0.0","0.0","","M"
"204","11.0","46.0","nb01","M+","Braunerde auf bindig-tonigem Material (Pelosol)","0.0","0.0","","M"
"205","11.0","46.0","hi04","M+","Pararendsina-Pelosol","0.0","0.0","","M"
"206","11.0","46.0","1_U","nein","","","","","S"
"207","11.0","46.0","2_U","nein","","","","","S"
"208","11.0","46.0","3_U","nein","","","","","S"
"209","11.0","46.0","5_U","nein","","","","","S"
"210","11.0","46.0","6_U","nein","","","","","S"
"211","11.0","46.0","7_U","nein","","","","","S"
"212","11.0","46.0","8_U","nein","","","","","S"
"213","11.0","46.0","9_U","nein","","","","","S"
"214","11.0","46.0","13_U","nein","","","","","S"
"215","11.0","46.0","14_U","nein","","","","","S"
"216","11.0","46.0","16_U","nein","","","","","S"
"217","11.0","46.0","17_U","nein","","","","","S"
"218","11.0","46.0","21_U","nein","","","","","S"
"219","11.0","46.0","22_U","nein","","","","","S"
"220","11.0","46.0","23_U","nein","","","","","S"
"221","11.0","46.0","24_U","nein","","","","","S"
"222","11.0","46.0","25_U","nein","","","","","S"
"223","11.0","46.0","26_U","nein","","","","","S"
"224","11.0","46.0","29_U","nein","","","","","S"
"225","11.0","46.0","30_U","nein","","","","","S"
"226","11.0","46.0","31_U","nein","","","","","S"
"227","11.0","46.0","32_U","nein","","","","","S"
"228","11.0","46.0","33_U","nein","","","","","S"
"229","11.0","46.0","34_U","nein","","","","","S"
"230","11.0","46.0","35_U","nein","","","","","S"
"231","11.0","46.0","36_U","nein","","","","","S"
"232","11.0","46.0","37_U","nein","","","","","S"
"233","11.0","46.0","38_U","nein","","","","","S"
"234","11.0","46.0","39_U","nein","","","","","S"
"235","11.0","46.0","40_U","nein","","","","","S"
"236","11.0","46.0","41_U","nein","","","","","S"
"237","11.0","46.0","42_U","nein","","","","","S"
"238","11.0","46.0","57_T","nein","","","","","S"
"239","11.0","46.0","58_T","nein","","","","","S"
"240","11.0","46.0","gr01","S","Braunerde (basenarm)","0.0","0.0","","S"
"241","11.0","46.0","gr02","S","Braunerde-Ranker","0.0","0.0","","S"
"242","11.0","46.0","gr03","S","Braunerde (basenarm)","0.0","0.0","","S"
"243","11.0","46.0","gr04","S","Braunerde (basenarm)","0.0","0.0","","S"
"244","11.0","46.0","gr05","S","Braunerde (basenarm)","0.0","0.0","","S"
"245","11.0","46.0","gr06","S","Braunerde-Ranker","0.0","0.0","","S"
"246","11.0","46.0","gr07","S","Braunerde (basenarm)","0.0","0.0","","S"
"247","11.0","46.0","hf02","S","Braunerde (basenarm)","0.0","0.0","","S"
"248","11.0","46.0","hf03","S","Braunerde (basenarm)","0.0","0.0","","S"
"249","11.0","46.0","hj02","S","Grobmaterial-Rohboden carbonathaltig","0.0","0.0","","S"
"250","11.0","46.0","hk01","S","Braunerde-Ranker","0.0","0.0","","S"
"251","11.0","46.0","hk02","S","Ranker","0.0","0.0","","S"
"252","11.0","46.0","hk03","S","","0.0","0.0","","S"
"253","11.0","46.0","hk04","S","Ranker","0.0","0.0","","S"
"254","11.0","46.0","hl05","S","Braunerde-Ranker","0.0","0.0","","S"
"255","11.0","46.0","hl06","S","Braunerde (basenarm)","0.0","0.0","","S"
"256","11.0","46.0","hl04","S","Braunerde (basenarm)","0.0","0.0","","S"
"257","11.0","46.0","hl07","S","","0.0","0.0","","S"
"258","11.0","46.0","hl08","S","Braunerde (basenarm)","0.0","0.0","","S"
"259","11.0","46.0","16304","S","Braunerde basenarm podsoliert","4.0","4.0","","S"
"260","11.0","46.0","16301","S","Braunerde auf Lockersediment leicht","4.0","4.0","","S"
"261","11.0","46.0","l08","S","Braunerde auf Festgestein leicht","0.0","0.0","","S"
"262","11.0","46.0","l09","S","Braunerde auf Lockersediment leicht","0.0","0.0","","S"
"263","11.0","46.0","l10","S","Braunerde auf Lockersediment leicht","0.0","0.0","","S"
"264","11.0","46.0","16302","S","Braunerde basenarm podsoliert","6.0","5.0","","S"
"265","11.0","46.0","j07","S","Braunerde basenreich","0.0","0.0","","S"
"266","11.0","46.0","j07a","S","","0.0","0.0","","S"
"267","11.0","46.0","j08b","S","","0.0","0.0","","S"
"268","11.0","46.0","j08c","S","","0.0","0.0","","S"
"269","11.0","46.0","j08d","S","","0.0","0.0","","S"
"270","11.0","46.0","j08e","S","","0.0","0.0","","S"
"271","11.0","46.0","16303","S","Braunerde podsolig","3.0","3.0","","S"
"272","11.0","46.0","j10","S","","0.0","0.0","","S"
"273","11.0","46.0","j09","S","","0.0","0.0","","S"
"274","11.0","46.0","v23","S","Grobmaterial-Rohboden carbonatfrei","0.0","0.0","","S"
"275","11.0","46.0","v24","S","Braunerde (basenarm)","0.0","0.0","","S"
"276","11.0","46.0","w02","S","Braunerde basenarm podsoliert","0.0","0.0","","S"
"277","11.0","46.0","w03","S","Braunerde podsolig","0.0","0.0","","S"
"278","11.0","46.0","w04","S","Braunerde podsolig","0.0","0.0","","S"
"279","11.0","46.0","w05","S","Braunerde (basenarm)","0.0","0.0","","S"
"280","11.0","46.0","qa02","S","Braunerde basenreich","0.0","0.0","","S"
"281","11.0","46.0","qa03","S","Braunerde basenreich","0.0","0.0","","S"
"282","11.0","46.0","qa04","S","Braunerde basenreich","0.0","0.0","","S"
"283","11.0","46.0","pa05","S","Braunerde podsolig","0.0","0.0","","S"
"284","11.0","46.0","16351","S","Braunerde auf Lockersediment leicht","4.0","5.0","","S"
"285","11.0","46.0","qa06","S","Braunerde auf Lockersediment leicht","0.0","0.0","","S"
"286","11.0","46.0","qa07","S","Braunerde basenarm podsoliert","0.0","0.0","","S"
"287","11.0","46.0","qa08","S","Braunerde auf Lockersediment leicht","0.0","0.0","","S"
"288","11.0","46.0","qa09","S","Braunerde auf Lockersediment leicht","0.0","0.0","","S"
"289","11.0","46.0","qa11","S","Braunerde basenarm podsoliert","0.0","0.0","","S"
"290","11.0","46.0","qa12","S","Braunerde auf Lockersediment leicht","0.0","0.0","","S"
"291","11.0","46.0","qa13","S","Braunerde basenarm podsoliert","0.0","0.0","","S"
"292","11.0","46.0","qa16","S","Braunerde basenarm podsoliert","0.0","0.0","","S"
"293","11.0","46.0","pa01","S","Braunerden auf Festgesteinen","0.0","0.0","","S"
"294","11.0","46.0","pa02","S","Braunerden auf Festgesteinen","0.0","0.0","","S"
"295","11.0","46.0","na02","S","Braunerde (basenarm)","0.0","0.0","","S"
"296","11.0","46.0","na04","S","Kolluvisol carbonatfrei","0.0","0.0","","S"
"297","11.0","46.0","hj03","S","Braunerde-Ranker","0.0","0.0","","S"
"298","11.0","46.0","hj04","S","Braunerde podsolig","0.0","0.0","","S"
"299","11.0","46.0","hj05","S","Braunerde (basenarm)","0.0","0.0","","S"
"300","11.0","46.0","hj06","S","Braunerde (basenarm)","0.0","0.0","","S"
"301","11.0","46.0","hj07","S","Ranker","0.0","0.0","","S"
"302","11.0","46.0","nb06","T","Braunerde auf bindig-tonigem Material (Pelosol)","0.0","0.0","","M"
"303","11.0","46.0","hh09","","Kalkbraunlehm (Terra fusca relikt.)","0.0","0.0","","C"
"304","11.0","46.0","v03a","","","0.0","0.0","",""
"305","11.0","46.0","w07","","Braunerde (basenarm)","0.0","0.0","",""
"306","11.0","46.0","hh13","","","0.0","0.0","",""
"307","11.0","46.0","1","","rendollic eutrochrept, loamy skeletal, carbonatic, mesic","","","Kalkgesteinschutt","C"
"308","11.0","46.0","2","","fluventic eutrochrept, loamy skeletal, carbonatic, mesic","","","Kalkgesteinschutt, Schwemmfaecher","C"
"309","11.0","46.0","3","","fluventic eutrochrept, fine silty, mixed, mesic","","","Kalkgesteinschutt","C"
"310","11.0","46.0","4","","fluventic eutrochrept, fine loamy, mixed, mesic","","","Kalkgesteinschutt","C"
"311","11.0","46.0","5","","fluventic eutrochrept, loamy skeletal, mixed, mesic","","","Kalkgesteinschutt","C"
"312","11.0","46.0","6","","fluventic eutrochrept, loamy skeletal, carbonatic, mesic","","","Kalkgesteinschutt","C"
"313","11.0","46.0","8","","fluventic eutrochrept, loamy skeletal, carbonatic, mesic","","","Kalkgesteinschutt","C"
"314","11.0","46.0","9","","fluventic eutrochrept, fine loamy, mixed, mesic","","","Kalkgesteinschutt","C"
"315","11.0","46.0","10","","typic eutrochrept, coarse loamy, mixed, mesic","","","Kalkgesteinschutt, Moraene","M"
"316","11.0","46.0","11","","typic eutrochrept, coarse loamy, mixed, mesic","7.0","8.0","Kolluvium","M"
"317","11.0","46.0","12","","typic udifluvent, loamy skeletal, carbonatic, mesic","","","Kalkgesteinschutt","C"
"318","11.0","46.0","13","","typic eutrochrept, fine, mixed, mesic","","","lakustrisches Sediment","M"
"319","11.0","46.0","14","","dystric eutrochrept, coarse loamy, mixed, mesic","","","lakustrisches Sediment","S"
"320","11.0","46.0","16","","typic eutrochrept, coarse loamy, mixed, mesic","","","Moraene, fluvioglaziale Sedimente","M"
"321","11.0","46.0","17","","fluventic eutrochrept, coarse loamy, mixed, mesic","","","Kalkgesteinschutt, Moraene","M"
"322","11.0","46.0","18","","arenic hapludalf, sandy, mixed, mesic","","","lakustrisches Sediment","S"
"323","11.0","46.0","19","","dystric eutrochrept, coarse loamy, mixed, mesic","","","Moraene","S"
"324","11.0","46.0","20","","","","","aufgesch端ttetes Niedermoor","M"
"325","11.0","46.0","21","","dystric eutrochrept, coarse loamy, mixed, mesic","","","Moraene","S"
"326","11.0","46.0","22","","dystric eutrochrept, coarse loamy, mixed, mesic","","","Moraene 端ber fluviatilen Schottern","M"
"327","11.0","46.0","23","","dystric eutrochrept, coarse loamy, mixed, mesic","","","Moraene","S"
"328","11.0","46.0","24","","dystric fluventic eutrochrept, coarse loamy, mixed, mesic","","","Moraene, lakustrisches Sediment","S"
"329","11.0","46.0","25","","dystric eutrochrept, coarse loamy, mixed, mesic","","","Moraene","S"
"330","11.0","46.0","26","","dystric eutrochrept, coarse loamy, mixed, mesic","","","Moraene, fluvioglaziale Sedimente","M"
"331","11.0","46.0","28","","dystric eutrochrept, coarse loamy, mixed, mesic","","","Moraene, Kolluvium","S"
"332","11.0","46.0","29","","dystric eutrochrept, fine loamy, mixed, mesic","","","Moraene, Kolluvium","S"
"333","11.0","46.0","31","","typic eutrochrept, coarse loamy, mixed, mesic","","","Moraene, fluviatile Schotter","M"
"334","11.0","46.0","32","","typic udorthent, loamy skeletal, carbonatic, mesic","","","Kalkgesteinschutt","C"
"335","11.0","46.0","33","","eutrochreptic rendoll, fine loamy, carbonatic, mesic","","","Kalkgesteinschutt, lakustrisches Sediment","C"
"336","11.0","46.0","34","","typic hapludalf,  loamy skeletal, mixed, mesic","","","Moraene, fluviatile Schotter","S"
"337","11.0","46.0","35","","typic eutrochrept, coarse loamy, mixed, mesic","","","lakustrisches Sediment","M"
"338","11.0","46.0","40","","rendollic eutrochrept, coarse loamy, carbonatic, mesic","","","Kalkgesteinschutt","C"
"339","11.0","46.0","37","","typic hapludalf, loamy skeletal, mixed, mesic","","","Moraene, fluviatile Schotter","S"
"340","11.0","46.0","38","","dystric eutrochrept, coarse loamy, mixed, mesic","","","lakustrisches Sediment, Moraene","S"
"341","11.0","46.0","39","","typic udorthent, sandy, mixed, mesic","","","lakustrisches Sediment, fluviatile Schotter","M"
"342","11.0","46.0","41","","dystric eutrochrept, coarse loamy, mixed, mesic","","","Moraene","S"
"343","11.0","46.0","42","","typic eutrochrept, fine loamy, mixed, mesic","","","Kalklehmkolluvium","M"
"344","11.0","46.0","45","","typic hapludalf, coarse loamy, mixed, mesic","","","Kolluvium,Moraene, Porphyr 端ber karbonathaltigen Bachablagerung","S"
"345","11.0","46.0","46","","dystric eutrochrept, fine loamy, mixed, mesic","","","Kolluvium,Moraene, Porphyr","S"
"346","11.0","46.0","58","","dystric eutrochrept, coarse loamy, mixed, mesic","","","Moraene","S"
"347","11.0","46.0","59","","rendollic eutrochrept, coarse loamy, carbonatic, mesic","","","Kalkgesteinschutt","C"
"348","11.0","46.0","53","","dystric eutrochrept, fine, mixed, mesic","","","Kolluvium","S"
"349","11.0","46.0","52","","dystric eutrochrept, coarse loamy, mixed, mesic","","","Kolluvium","S"
"350","11.0","46.0","44","","typic udorthent, loamy skeletal, mixed, mesic","","","fluviatile Schotter","M"
"351","11.0","46.0","49","","typic udorthent, loamy skeletal, mixed (calcareous), mesic","","","Moraene","M"
"352","11.0","46.0","54","","fluventic hapludoll, coarse loamy, mixed, mesic","","","Kolluvium 端ber Kalkgesteinschutt","C"
"353","11.0","46.0","48","","typic udorthent, sandy skeletal, mixed, mesic","","","fluviatile Schotter","S"
"354","11.0","46.0","55","","typic udorthent, sandy skeletal, mixed, mesic","","","fluviatile Schotter / Moraene","S"
"355","11.0","46.0","51","","fluventic eutrochrept, coarse loamy, mixed, mesic","","","Kalkgesteinschutt, fluviatile Schotter","M"
"356","11.0","46.0","57","","entic hapludoll, loamy skeletal, carbonatic, mesic","","","Kalkgesteinschutt","C"
"357","11.0","46.0","7","","rendollic eutrochrept, loamy skeletal, carbonatic, mesic","","","Kalkgesteinschutt","C"
"358","11.0","46.0","15","","dystric eutrochrept, coarse loamy, mixed, mesic","","","lakustrisches Sediment","S"
"359","11.0","46.0","27","","dystric eutrochrept, coarse loamy, mixed, mesic","","","Moraene","S"
"360","11.0","46.0","30","","typic hapludalf, loamy skeletal, mixed, mesic","","","Moraene, fluviatile Schotter","S"
"361","11.0","46.0","43","","typic eutrochrept, coarse loamy, mixed, mesic","","","Kalkgesteinschutt, Moraene","M"
"362","11.0","46.0","36","","rendollic eutrochrept, loamy skeletal, carbonatic, mesic","","","Kalkgesteinschutt","C"
"363","11.0","46.0","47","","dystric eutrochrept, coarse loamy, mixed, mesic","","","Moraene","S"
"364","11.0","46.0","50","","fluventic eutrochrept, loamy skeletal, carbonatic, mesic","","","Kalkgesteinschutt","C"
"365","11.0","46.0","46_T","","","","","","S"
"366","11.0","46.0","51_T","","","","","","M"
"367","11.0","46.0","59_T","","","","","","S"
