substrat_code,Bez_ST,Kurz_NT,long,base_initial,Initial,x2,Reaktion,Genese,genesecode,ausgangssubstrat,chemie_gg_code,Festgestein,geomorphologie,metamorphie,Beschreibung,Boden
5,SpezUltrabas.Gesteine,SiX,UltrabasischeSilikatgesteine,B,B,B,5,Si,9,Si,2,1,silikatisches Festgestein,,"meistultrabasische(mafischeAnteile>50%,keinQuarz),silikatischeSpezialgest.(Serpentinit,Ultrabasit,(Ophiolit),Pikritu.a.)",meistbasenreicheRankeroderPararendzinen(verbraunt)bisbasenreicheBraunerden(ofttoxischeSonderstandorte)
11,SiS-Silikatesauer-arm,SiS-,Silikatgesteineqz.reich/sauer-rueckstandsarm,S,S-,S,4,Si,9,Si,1,1,silikatisches Festgestein,,"arme/harteblockige,ueberwiegendquarzhaltigeMagmatite(Aplit,Pegmatit,Granulit),sonst10","podsoligeBraunerden,(Semi-)Podsoleoder(Podsol-)Ranker"
10,SiSrSilikatesauer,SiSr,Silikatgesteineqz.reich/sauer,S,S,S,4,Si,9,Si,1,1,silikatisches Festgestein,,"quarzreicheMagmatite(Granite,Gneise,Quarzporphyr,Quarz-Glimmerschiefer,Aplit,Pegmatit)","podsoligeBraunerden,SemipodsoleundPodsoleoder(Podsol-)Ranker"
12,SiS+Silikatesauer-reich,SiS+,Silikatgesteinesauer-rueckstandsreich,S,S+,S,4,Si,9,Si,1,1,silikatisches Festgestein,1,"Qz.reicheundsiltreicheSchiefer;Quarzitschiefer,Qz.konglomeratschiefer-sonst10",meistPodsoleundStaupodsole
21,SiI-Silikateinterm.-arm,Sil-,Silikatgest.intermediaer-rueckstandsarm,I,I,I,3,Si,9,Si,1,1,silikatisches Festgestein,1,"rueckstandsarme/harte,langsamverwitterndeSerizit-/Chlorit-/Gruenschiefer,Hornblende-Diorit-/Augit-/Cordierit-/Syenit-/Granodioritgneis-sonst20","meistBraunerdenoderRanker->Anm:mitunterSiB-(Granodiorite,Tonalite)"
20,SiInSilikateinterm.,SiIn,Silikatgesteineintermediaer,I,I,I,3,Si,9,Si,1,1,silikatisches Festgestein,1,"intermediaereGneise,(Glimmer-)SchieferundPhyllite(Biotit-,Muskovit-,Chlorit-,Serizit-,Hornblende-/Diorit-/Augit-/Cordierit-/Syenit-/Granodiorit-),Gruenschiefer,Schwarzphyllit",meistbasenarmeBraunerdenbisSemipodsole
22,SiI+Silikateinterm.-reich,Sil+,Silikatgest.intermediaer-rueckstandsarm,I,I+,I,3,Si,9,Si,1,1,silikatisches Festgestein,1,"rueckstandsarme/harte,langsamverwitterndeSerizit-/Chlorit-/Gruenschiefer,Hornblende-Diorit-/Augit-/Cordierit-/Syenit-/Granodioritgneis-sonst20;Anm:mitunterSiB-(Granodiorite,Tonalite)",meistBraunerdenoderRanker
31,SiB-Silikatebasenr.-arm,SiB-,Silikatgest.basisch-rueckstandsarm,B,B-,B,5,Si,9,Si,2,1,silikatisches Festgestein,,"Ca-/Mg-Silikat-(Plagioklas)-reiche(Meta-)Granite,GranodioriteundTonalite(BrixnerGranit)-sonst30",BasenreicheRanker(collin)-basenreicheleichte(Para)BraunerdenbisSemipodsole(Verlustlagen)
30,SiBaSilikatebasenr.,SiBa,Silikatgesteinebasisch,B,B,B,5,Si,9,Si,2,1,silikatisches Festgestein,,"dunkleCa-undMg-reicheMagmatite(Amphibolit,Basalt,Gabbro,Basalttuff,Tephrit,Essexit,Diabas,Metadiabas,Melaphyr,Andesit?,Eklogit,inkl.Ultrabasit,Ophiolit)",basenreicheRankerundBraunerdenoderRohBoeden(SonderstandorteinFelslage)
32,SiB+Silikatebasenr.-reich,SiB+,Silikatgest.basisch-rueckstandsreich,B,B+,B,5,Si,9,Si,2,1,silikatisches Festgestein,,"rueckstandsreiche,bindigeultrabasische(mafischeAnteile>50%,keinQuarz),silikatischeSpezialgesteine(Talkschiefer)",meistbasenreicheRankeroderPararendzinen(verbraunt)bisBasenreicheBraunerden(oft+/-toxischeSonderstandorte)
41,SiK-Silikatekalkarm-arm,SiK-,Silikatgest.karbonatarm-rueckstandsarm,M,M-,M,2,Si,9,Si,3,1,gemischtes Sedimentgestein,1,"kalkarme(10-35%Karbonat),relativrueckstandsarme/harteSilikatgesteine(eventuellkarbonatfuehrendePrasinite)","Pararendzinen,(basenreiche/carbonathalt.)Braunerden,podsolierteBraunerden"
40,SiKaSilikatekalkarm,SiKa,Silikatgesteinekarbonatarm,M,M-,M,2,Si,9,Si,3,1,gemischtes Sedimentgestein,1,"kalkarme(10-35%Karbonat)Schiefer/Phyllite(Kalkphyllit,DunklerPhyllit,KalkarmeBuendnerschiefer),kalkfuehrenderPrasinit(inkl.karb.Tuffite)",Pararendzina-Kalkbraunerde-(podsolierte)(Para-)Braunerde-Semipodsole(subalpin)
42,SiK+Silikatekalkarm-reich,SiK+,Silikatgest.karbonatarm-rueckstandsreich,M,M+,M,2,Si,9,Si,3,1,gemischtes Sedimentgestein,1,"kalkarme(10-35%Karbonat),sehrrueckstandsreiche/weicheSchiefer/Phyllite(kalkarmerKalktonschiefer)",
46,CaS-Silikatekalkreich-arm,CaS-,Silikatgest.karbonatreich-rueckstandsarm,C,C-,C,1,Ca,8,Si,3,1,gemischtes Sedimentgestein,1,"kalkreiche(35-65%Karbonat),relativrueckstandsarme/harte(Silikat-)Marmore(Glimmermarmormitvereinzelten,duennenPhyllitlagen)",
45,CaSiSilikatekalkreich,CaSi,Silikatgesteinekarbonatreich,C,C-,C,1,Ca,8,Si,3,1,gemischtes Sedimentgestein,1,"kalkreiche(35-65%Karbonat)Kalk(glimmer)schiefer(KalkreicheBuendnerschiefer),Karbonatquarzit,Glimmermarmor,Kalksilikamarmor,Silikatmarmor",Pararendzina-(carbonathalt.Parabraunerde)-carbonathalt.Braunerde
47,CaS+Silikatekalkreich-reich,CaS+,,C,,C,1,Ca,8,Si,3,1,gemischtes Sedimentgestein,,,
70,ToTonig-feinklast.Sedimenteinterm.,To,,I,,I,3,Sed,21,To,1,1,gemischtes Sedimentgestein,,,
71,ToBaTonigeSed.basisch,ToBa,,B,,B,5,Sed,21,To,2,1,silikatisches Sedimentgestein,,,
72,ToSrTonigeSed.sauer,ToSr,,S,,S,4,Sed,21,To,1,1,silikatisches Sedimentgestein,,,
100,SulfGips,Sulf,Sulfate(Gips)undSalze,K,K,K,6,Ka,21,To,4,1,karbonatisches Festgestein,,"tonigeCalcium-Sulfate/ChlorideundSalze(Gips,Anhydrit,Gipsbrekzie,Haselgebirge)",tw.tonreicheRohBoeden(meistvegetationsfreieSonderstandorte)bzw.Rendzinen
51,KlS-Klast.Sed.sauer-arm,KlS-,Sedimentgesteineqz.reich/sauer-arm,S,S,S,4,Sed,21,Kl,1,1,silikatisches Sedimentgestein,,"identKlSr;rueckstandsarmeqz.reichesaureSedimentgesteine(Arkose-/Glaukonit-/Quarzsandstein,AlpinerVerrucanop.p.;Quarzit,Silikatkonglomerat","Ranker-podsoligeBraunerden,(Semi-)Podsole"
50,KlSiKlast.Sed.sauer,KlSi,Sedimentgesteinesilikatisch-intermediaer,I,I,I,3,Sed,21,Kl,1,1,silikatisches Sedimentgestein,,"identKlIn;Silikatisch-intermediaereSedimentgesteine(rueckstandsreicheGrauwacke,Hornstein,Kieselschiefer,Radiolarit,Silikatkonglomerat,AlpinerVerrucano,{Werfener/Groedner}Sandsteinp.p.);Boeden:","(Ranker)-basenarmebispodsoligeBraunerden,Semipodsole"
52,KlS+Klast.Sed.sauer-reich,KlS+,Sedimentgesteinesilikat.-rueckstandsreich,S,S+,S,4,Sed,21,Kl,1,1,silikatisches Sedimentgestein,1,"rueckstands-/tonreichesaureSedimentgesteine(Kieselschiefer,(Bunt-)Sandstein,siltigerQuarzitschiefer)",meistpseudovergleyte(Semi-)PodsolebisStaupodsole
53,KlToKlast.Sedimentevariabel-tonreich,KlTo,Sedimentgesteinevariabel-tonreich,I,I+,I,3,Sed,21,Kl,1,1,silikatisches Sedimentgestein,,identKlI+;rueckstands-/tonreicheintermediaere(karbonatfreie)Sedimentgesteine(Flysch-/Reiselsberger/Lunzer/Werfener/GroednerSandsteinep.p.),meistschluffig-bindige(Para-)BraunerdenmitVersauerungstendenzverzahntm.silikat.Braunlehmen
56,KlB-Klast.Sedimentebasenreich-arm,KlB-,,B,,B,5,Sed,21,Kl,2,1,silikatisches Sedimentgestein,,,
55,KlBaKlast.Sedimentebasenreich,KlBa,Sedimentgesteinebasisch,B,B,B,5,Sed,21,Kl,2,1,silikatisches Sedimentgestein,,"vulkanoklastischeSedimenteausbasischenLavenundTuffen(Hyaloklastite,basischeSandsteine)",
57,KlB+Klast.Sedimentebasenreich-reich,KlB+,Sedimentgesteinebasisch-rueckstandsreich,B,B+,B,5,Sed,21,Kl,2,1,silikatisches Sedimentgestein,,rueckstandsreiche(siltig-tonige)aberkarbonatarmevulkanoklastischeSedimenteausbasischenLavenundTuffen(basischeSand-undTonsteine),l
61,KlK-Klast.Sedimentekarb.-arm,KlK-,Sedimentgesteinesilkatisch-karbonatreich-rueckstandsarm,C,C-,C,1,Sed,21,Kl,3,1,gemischtes Sedimentgestein,,"rueckstands-/tonarmekarbonatischeSed.(Hornstein/Kiesel-/Radiolarienkalk,Nagelfluh,Kalktuff,Rauhwacke)",meistarme(Moder-)PararendzinenmitgeringemTongehalt
60,KlKaKlast.Sedimentekarbonatisch,KlKa,Sedimentgesteinesilkatisch-karbonatreich,C,C-,C,1,Sed,21,Kl,3,1,gemischtes Sedimentgestein,,"karbonatisch-silikatischeSedimente(Kalksandstein,Kiesel-/Hornsteinkalk,Kalkkonglomerateund-brekzien(35-65%Karbonat)","meist(Para-)Rendzinenbiscarbonathaltige(Para-)Braunerden,schluffig-lehmigeBodenart"
62,KlK+Klast.Sedimentekarb.-reich,KlK+,Sedimentgesteinesilkatisch-karbonatreich-rueckstandsreich,C,C+,C,1,Sed,21,Kl,3,1,gemischtes Sedimentgestein,,"rueckstandsreiche(siltig-mergelige)karbonat.Sed.(35-65%Karbonat),inkl.(Ton-)Mergel,Kalksandsteine/Konglom./BrekzienausweichenKarb.)","meist(Mull-)Pararendzinenbistonige(basenreiche)Braunerden,+/-identmitToBa,siltig-mergelig"
64,KlK-Klast.Sedimentekarbonatreich-arm,KlM-,Sedimentgesteinesilik.-karb.arm-rueckstandsarm,M,M-,M,2,Sed,21,Kl,3,1,gemischtes Sedimentgestein,,"kalkarme(10-20(35)%Karbonat)rueckstands-/tonarmeSedimente(Hornstein/Radiolarit,Nagelfluh,Kalktuff,Rauhwacke)",meistarme(Moder-)RendzinenmitgeringemTongehalt
63,KlKaKlast.Sedimentekarbonatreich,KlMi,Sedimentgesteinesilik.-karb.arm,M,M,M,2,Sed,21,Kl,3,1,gemischtes Sedimentgestein,,"kalkarme(10-20(35)%Karbonat)Sedimente(kalkh.Sandstein,kalkh.Konglomerateund-brekzien)","meist(Para-)Rendzinenbiscarbonathaltige(Para-)Braunerden,schluffig-lehmigeBodenart"
65,KlK+Klast.Sedimentekarbonatreich-reich,KlM+,Sedimentgesteinesilik.-karb.arm-rueckstandsreich,M,M+,M,2,Sed,21,Kl,3,1,gemischtes Sedimentgestein,,"kalkarme(10-20(35)%Karbonat),rueckstandsreicheSiltiteundPelite","meist(Mull-)Pararendzinenbisbindige(basenreiche)Braunerden(Pelosole,FarbsubstratBoeden)"
81,Ka-Kalkearm,Ka-,Kalke/Karbonate-rueckstandsarm,K,K-,K,6,Ka,10,KaDo,4,1,karbonatisches Festgestein,,"rueckstandsarmeHartkalke,Konglom./BrekzienaushartenKarbonaten,wenigLoesungsrueckstaende(Karbonat>95%)(z.B.Wetterstein-/Dachsteinkalk)",meist(ton)arme(Moder-/Tangel-)Rendzinen
80,KaKalkeallgemein,Ka,Kalke/Karbonateallgemein,K,K,K,6,Ka,10,KaDo,4,1,karbonatisches Festgestein,,maessigrueckstandsreichemergeligeKalke/Marmore/Konglom./Brekzien(85-95%Karbonat),alleUebergaengevonRendzinenzuBraunlehm-Rendzina
82,Ka+Kalkereich,Ka+,Kalke/Karbonate-rueckstandsreich,K,K+,K,6,Ka,10,KaDo,4,1,karbonatisches Festgestein,,"weich/rundverwitterndeMergelkalke,Kalkmergel,Konglom./BrekzienausreichenKarbonaten,relativvielLoesungsrueckstaende,aber65-85%Karbonat",(ton)reiche(Mull)RendzinenbisKalkbraunlehme
85,Riffkalkesehrarm,KaRi,Riffkalke(sehrrueckstandsarm),K,K-,K,6,Ka,10,KaDo,4,1,karbonatisches Festgestein,,massigeblockigverwitt.organogeneRiffkalkemit>98%Karbonat,"meistsehrarme,initiale(Moder-/Tangel-)Rendzinen"
91,Dolomitesehrarm,Do-,Dolomite-sehrrueckstandsarm,D,D-,K,6,Ka,10,KaDo,4,1,karbonatisches Festgestein,,"massigeblockig-verwitt.DolomiteausRiffbildungen,fastkeineLoesungsrueckstaende(z.B.Wetterstein-/Dachstein-/Wengener/Cassianer/Ob.Schlerndolomit)","meistsehrarme,initiale(Moder-/Tangel-)Rendzinen,inhoeherenLagenoftRohBoeden(Rohhumus)"
90,Dolomiteallgemein,Do,Dolomiteallgemein,D,D-,K,6,Ka,10,KaDo,4,1,karbonatisches Festgestein,,geschichtetelagunaer-subtidalentstandeneDolomite,"sehrrueckstandsarme(Moder)Dolomit-RendzinenoderKarbonatischeRohBoedenmitgeringemTongehalt(typ.Hauptdolomit,Unt.Schlerndolomit)"
92,Dolomiterel.reich,Do+,Dolomite-rel.rueckstandsreich,K,K,K,6,Ka,10,KaDo,4,1,karbonatisches Festgestein,,"DolomitemitTon/Mergellagen,etwasLoesungsrueckstaende(Poetschen-/Pedata-/Reiflinger/GutensteinerDolomit)",meistBraunlehm-Rendzinenbzw.VerzahnungvonRendzinenmitBraunlehmen
210,VaMiVariableSchichtensilikatisch-karbonatisch,VaMi,,,,C,1,Ca,8,Kl,3,1,gemischtes Sedimentgestein,,,
212,VaKaVariableSchichten-uew.karbonat.,VaKa,,,,K,6,Ka,10,Kl,4,1,gemischtes Sedimentgestein,,,
213,VaToVariableSchichten-uew.tonig,VaTo,,,,S,,SaTo,17,Kl,1,1,gemischtes Sedimentgestein,,,
211,VaSiVariableSchichten-uew.silikat.,VaSi,,,,S,4,Si,9,Kl,1,1,gemischtes Sedimentgestein,,,
121,MoS-Moraenesauer-arm,MoS-,,,,S,4,Mo,1,Mo,1,,Moraene undifferenziert,,,
120,MoSiMoraenesauer,MoSi,Moraenensilikatisch-sauer,S,S,S,4,Mo,1,Mo,1,,Moraene undifferenziert,,"Moraenenausrueckstands-/basenarmen,quarzreichenSilikatgesteinen(uew.harte/armeGraniteundGneiseimEinzugsgebiet)","Regosole,podsolierteBraunerdenbisPodsole,Bodenartsandig-schluffig"
122,MoS+Moraenesauer-reich,MoS+,Moraenensauer-reich,S,S+,S,4,Mo,1,Mo,1,,Moraene undifferenziert,,EntsprichtMoT-(MoI+versauert),
126,MoI-Moraeneinterm.-arm,MoI-,,I,,I,3,Mo,1,Mo,1,,Moraene undifferenziert,,,
125,MoInMoraeneinterm.,MoIn,Moraenensilikatisch-intermed.,I,I,I,3,Mo,1,Mo,1,,Moraene undifferenziert,,Moraenenausbasenarmen/intermediaeremSilikatmaterialmitmittleremFeinbodenanteil,
127,MoI+Moraeneinterm.-reich,MoI+,,I,,I,3,Mo,1,Mo,1,,Moraene undifferenziert,,,
116,MoB-Moraenebasenr.-arm,MoB-,Moraenenbasisch-feinmaterialarm,B,B-,B,5,Mo,1,Mo,2,,Moraene undifferenziert,,"Moraenenausuew.basenreichen,karbonatfreienSilikatgesteinenmitleichterBodenart(S-sU-U)u/ogeringemFeinbodenanteil",
115,MoBaMoraenebasenr.,MoBa,Moraenenbasisch-kalkfrei,B,B,B,5,Mo,1,Mo,2,,Moraene undifferenziert,,"Moraenenausuew.basenreichen,karbonatfreienSilikatgesteinenmitmittleremFeinbodenanteil(z.B.Amphibolit-Prasinit-MoraenenimTauernfenster)",
117,MoB+Moraenebasenr.-reich,MoB+,Moraenenbasisch-feinmaterialreich,B,B+,B,5,Mo,1,Mo,2,,Moraene undifferenziert,,"Moraenenausuew.basenreiche,karbonatarmenSilikatgesteinen(KlB+)mitschwererBodenartu/ohohemFeinbodenanteil",
111,MoM-Moraenesil.-karb.arm-arm,MoM-,Moraenensilik.-karb.arm-feinmaterialarm,M,M-,M,2,Mo,1,Mo,3,,Moraene undifferenziert,,"Moraenenausbasenreichem,karbonatfuehrendemodersilikat.-karbonat.MischmaterialmitleichterBodenartu/ogeringemFeinbodenanteil(Karbonatgehalt10-35%),z.B.ausDolomitenundGraniten",
110,MoMiMoraenesil.-karb.arm,MoMi,Moraenensilikatisch-karbonatarm,M,M,M,2,Mo,1,Mo,3,,Moraene undifferenziert,,"Moraenenausbasenreichem,karbonatfuehrendemodersilikat.-karbonat.MischmaterialmitmittlererBodenart(lU-sL)u/omittleremFeinbodenanteil(Karbonatgehalt10-35%),z.B.ausKalkphyllitenoderausSilikat-unduntergeordnetKarbonatgesteinen",
112,MoM+Moraenesil.-karb.arm-reich,MoM+,,M,,M,2,Mo,1,Mo,3,,Moraene undifferenziert,,,
106,MoC-Moraenesil.-karb.reich-arm,MoC-,Moraenensilik.-karb.reich-feinmaterialarm,C,C-,C,1,Mo,1,Mo,3,,Moraene undifferenziert,,"Moraenenausbasenreichem,karbonatfuehrendemodersilikat.-karbonat.MischmaterialmitleichterBodenartu/ogeringemFeinbodenanteil(Karbonatgehalt35-65%),rueckstandsarm(z.B.ausvielDolomitmitSilikatgesteinen)",
105,MoCaMoraenesil.-karb.reich,MoCa,Moraenensilikatisch-karbonatreich,C,C,C,1,Mo,1,Mo,3,,Moraene undifferenziert,,"Moraenenausbasenreichem,karbonatfuehrendemodersilikat.-karbonat.MischmaterialmitmittlererBodenartu/omittleremFeinbodenanteil(lU-sL)(Karbonatgehalt35-65%)(z.B.ausKalkenundSilikatgesteinenzugleichenTeilen)",
107,MoC+Moraenesil.-karb.reich-reich,MoC+,Moraenensilik.-karb.reich-feinmaterialreich,C,C+,C,1,Mo,1,Mo,3,,Moraene undifferenziert,,"Moraenenausbasenreichem,karbonatfuehrendemodersilikat.-karbonat.MischmaterialmitschwererBodenart(uL-L-T)u/ohohemFeinbodenanteil(KarbonatgehaltimAusgangsgestein35-65%)-(z.B.ausSiltite/PelitenundvielKalk(mergel))",
131,MoK-Moraenekarb.-arm,MoK-,Moraenenkarbonat.-feinmaterialarm,K,K-,K,6,Mo,1,Mo,4,,Moraene undifferenziert,,BlockMoraenenausDolomitenundHartkalken(=BlK-),
130,MoKaMoraenekarb.,MoKa,Moraenenkarbonatisch,K,K,K,6,Mo,1,Mo,4,,Moraene undifferenziert,,MoraenenausKarbonatmaterial(85-95%Karb.)mitmittleremFeinbodenanteil(lehmigerSchluff-Lehm),Boeden:Braunlehm-RendzinabisKalkbraunlehm
132,MoK+Moraenekarb.-reich,MoK+,Moraenenkarbonat.-feinmaterialreich,K,K+,K,6,Mo,1,Mo,4,,Moraene undifferenziert,,"MoraenenausKarbonatmaterial(65-85%Karb.)mithohemFeinbodenanteil(Lehm-Ton),(z.B.ausMergelkalkenundKalkmergelnbzw.KalkenundTon-/Siltgesteinen)","Braunlehm-Rendzinen,Kalkbraunlehme"
135,(Grund-)Moraenetonig-dicht,MoTo,(Grund-)Moraenentonig-dicht,I,I+,I,3,Mo,1,Mo,1,,Grundmoraene,,"MoraenenausSiltitenundPeliten(bzw.bindigenSilikatgesteinen,BodenartLehm-Ton(>65%Ton,<10%Karbonat)-GrundMoraeneninkarbonatarmenEinzugsgebieten",
136,(Grund-)Moraenetonig-dicht,MoTo,,I,,I,3,Mo,1,Mo,1,,Grundmoraene,,,
137,(Grund-)Moraenetonig-dicht,MoTo,,I,,I,3,Mo,1,Mo,1,,Grundmoraene,,,
143,Ha?0Schuttrezent,HaS0,Hangschuttsilikat.-rezent,S,S-,S,4,Ha,2,Ha,1,,Hangschutt,,"Hangschuttrezentausrueckstands-/basenarmen,quarzreichenSilikatgesteinen(uew.harte/armeGraniteundGneiseimEinzugsgebiet),(ohnebzw.mitnurinitialerBodenbildung-z.B.Hangschuttkegel);Bodenartsandiggrobskelettreich","Regosole,Ranker"
153,Ha?0Schuttrezent,HaK0,Hangschuttdolomit./karbonat.-rezent,K,K-,K,6,Ha,2,Ha,4,,Hangschutt,,"HangschuttrezentausKarbonaten(>65%Karb.),Feinbodenarm,skelettreich,initialeBodenbildung",Karb.LockergesteinsrohbodenbisRendzina
163,Ha?0Schuttrezent,Ha?,,,,,,Ha,2,Ha,,,Hangschutt,,,
173,Ha?0Schuttrezent,HaB0,Hangschuttbasisch-rezent,B,B-,B,5,Ha,2,Ha,2,,Hangschutt,,"HangschuttausbasenreichenaberkalkfreienSilikaten(SiBa)-rezent,Feinbodenarm,oekologischwieHaS0wirksam",
183,Ha?0Schuttrezent,HaM0,Hangschuttsilik.-karb.arm-rezent,M,M-,M,2,Ha,2,Ha,3,,Hangschutt,,"Hangschuttausausbasenreichem,karbonatfuehrendemSilikatgesteinen(SiKa,KlKa,KlK-)odersilikat.-karbonat.Mischmaterial(Karbonatgehalt10-35%)-rezent,feinbodenarm",
144,HaS-Schuttsauer-arm,HaS-,,,,S,4,Ha,2,Ha,1,,Hangschutt,,,
141,HaSiSchuttsauer,HaSi,Hangschuttsilikatisch-sauer,S,S,S,4,Ha,2,Ha,1,,Hangschutt,,"Hangschuttausrueckstands-/basenarmen,quarzreichenSilikatgesteinen(uew.harte/armeGraniteundGneiseimEinzugsgebiet),Bodenartsandig-schluffig","Regosole,podsolierteBraunerdenbisPodsole"
145,HaS+Schuttsauer-reich,HaS+,Hangschuttsilikat.-feinmaterialreich,S,S+,S,4,Ha,2,Ha,1,,Hangschutt,,HangschuttMoraenenausbasenarmen/intermediaeremSilikatmaterialmitmittleremFeinbodenanteil,
164,HaI-Schuttinterm.-arm,HaI-,,,,I,3,Ha,2,Ha,1,,Hangschutt,,,
161,HaIn-Schuttinterm.,HaIn,Hangschuttsilikatisch-intermed.,I,I,I,3,Ha,2,Ha,1,,Hangschutt,,HangschuttMoraenenausbasenarmen/intermediaeremSilikatmaterialmitmittleremFeinbodenanteil,
165,HaI+Schuttinterm.-reich,HaI+,,,,I,3,Ha,2,Ha,1,,Hangschutt,,,
174,HaB-Schuttbasenr.-arm,HaB-,Hangschuttbasisch-feinmaterialarm,B,B-,B,5,Ha,2,Ha,2,,Hangschutt,,"HangschuttausbasenreichenaberkalkfreiensandigenundrueckstandsarmenSilikaten(SiB-):z.B.ausBrixnerGranodiorit,Tonalit",
171,HaBaSchuttbasenr.,HaBa,Hangschuttbasisch-kalkfrei,B,B,B,5,Ha,2,Ha,2,,Hangschutt,,HangschuttausbasenreichenaberkalkfreienSilikaten(SiBa)mitmittleremFeinmaterialanteil,
175,HaB+Schuttbasenr.-kalkf.,HaB+,Hangschuttbasisch-feinmaterialreich,B,B+,B,5,Ha,2,Ha,2,,Hangschutt,,"HangschuttausbasenreichenbindigenSilikaten(ausbasischenFeinklastika,z.B.WengenerSch.)",
184,HaM-Schuttsil.-karb.arm-arm,HaM-,Hangschuttsilik.-karb.arm-feinmaterialarm,M,M-,M,2,Ha,2,Ha,3,,Hangschutt,,"Hangschuttausausbasenreichem,karbonatfuehrendemodersilikat.-karbonat.MischmaterialmitleichterBodenartu/ogeringemFeinbodenanteil(Karbonatgehalt10-35%)",
181,HaMiSchuttsil.-karb.arm,HaMi,Hangschuttsilikatisch-karbonatarm,M,M,M,2,Ha,2,Ha,3,,Hangschutt,,"Hangschuttausausbasenreichem,karbonatfuehrendemodersilikat.-karbonat.MischmaterialmitmittlererBodenart(lU-sL)u/omittleremFeinbodenanteil(Karbonatgehalt10-35%)",
185,HaM+Schuttsil.-karb.arm-reich,HaM+,Hangschuttsilik.-karb.arm-feinmaterialreich,M,M+,M,2,Ha,2,Ha,3,,Hangschutt,,"Hangschuttausbasenreichem,karbonatfuehrendemodersilikat.-karbonat.MischmaterialmitschwererBodenartu/ohohemFeinbodenanteil(KarbonatgehaltimAusgangsgestein10-35%)oftGrundMoraenenauslehmigem-tonigFeinmaterial(>65%Tongehalt)",bindig
194,HaC-Schuttsil.-karb.reich-arm,HaC-,Hangschuttsilik.-karb.reich-feinmaterialarm,C,C-,C,1,Ha,2,Ha,3,,Hangschutt,,"HangschuttausbasenreichenundkalkhaltigenSilikaten(M-,C-)odergemischtausKarbonatenundSilikaten(Karbonatgehalt35-65%)-rueckstandsarm",
191,HaCaSchuttsil.-karb.reich,HaCa,Hangschuttsilikatisch-karbonatreich,C,C,C,1,Ha,2,Ha,3,,Hangschutt,,HangschuttausbasenreichenundkalkhaltigenSilikatgest.(CaSi)odergemischtausKarbonatenundSilikaten(Karbonatgehalt35-65%)mitmittleremFeinmaterialanteil,
195,HaC+Schuttsil.-karb.reich-reich,HaC+,Hangschuttsilik.-karb.reich-feinmaterialreich,C,C+,C,1,Ha,2,Ha,3,,Hangschutt,,"Hangschuttausauskarbonatreichem(KlK+)odersilikat.-karbonat.Mischmaterial(Siltite,Mergel+Karbonate)mitschwererBodenartu/ohohemFeinbodenanteil(KarbonatgehaltimAusg.gestein35-65%)(z.B.Feinklastikad.Werfener,WengenerSch.undKarbonatgest.)",
154,HaK-Schuttkarb.-arm,HaK-,Hangschuttkarbonat.-feinmaterialarm,K,K-,K,6,Ha,2,Ha,4,,Hangschutt,,HangschuttausHartkarbonaten(>95%Karbonat)mitgeringemFeinmaterialanteil,"Rendzinen(Moder-,Tangel-Rendzina)"
151,HaKaSchuttkarb.,HaKa,Hangschuttkarbonatisch,K,K,K,6,Ha,2,Ha,4,,Hangschutt,,HangschuttausKarbonatmaterial(85-95%Karb.))mitmittleremFeinbodenanteil(lU-L),Braunlehm-RendzinabisKalkbraunlehm
155,HaK+Schuttkarb.-reich,HaK+,Hangschuttkarbonat.-feinmaterialreich,K,K+,K,6,Ha,2,Ha,4,,Hangschutt,,HangschuttausKarbonaten(Karbonatgehalt65-85%)mitschwererBodenart(uL-L-T)u/ohohemFeinbodenanteil,
241,"HaTo\""Schutt\""tonig",HaTo,KolluvialeSedimentetonig-dicht,I,I+,I,3,Ha,2,Ha,1,,Hangschutt,,"HangschuttauskarbonatarmentonreichenGesteinen(Flysch,Werfener/GosauSchichten,Tonschiefer,etc.)meistmitstarkerRutschgefaehrdungbzw.VernaessungeninHangverflachungen",
146,Ki?0Schotterrezent,KiS0,Kies/Schottersilikat.-rezent,S,S-,S,4,Ki,12,Ki,1,,Alluviale Ablagerung,,"Schwemmmaterial-Kiese/Bachschotterausrueckstands-/basenarmen,quarzreichenSilikatgest.(uew.harte/armeGraniteundGneiseimEinzugsgebiet)ohnebzw.mitnurinitialerBodenbildung-z.B.Murenkegel);Bodenartsandiggrobskelettreich",Regosol
156,Ki?0Schotterrezent,KiK0,Kies/Schotterdolomit./karbonat.-rezent,K,K-,K,6,Ki,12,Ki,4,,Alluviale Ablagerung,,Schwemmmaterial-Kiese/Bachschotterkarbonatischrezent(reineKalk-/Dolomitschotter)-ohnebzw.mitnurinitialerBodenbildung-z.B.Murenkegel);grobskelettreich,Lockersediment-RohbodenKarbonatisch
166,Ki?0Schotterrezent,KiI0,Kies/Schotterintermed.-rezent,S,S,S,4,Ki,12,Ki,1,,Alluviale Ablagerung,,"Schwemmmaterial-Kiese/Bachschotterausrueckstands-/basenarmen,quarzreichenSilikatgest.(uew.harte/armeGraniteundGneiseimEinzugsgebiet)ohnebzw.mitnurinitialerBodenbildung-z.B.Murenkegel);Bodenartsandiggrobskelettreich",Regosol
176,Ki?0Schotterrezent,KiB0,Kies/Schotterbasisch-rezent,B,B-,B,5,Ki,12,Ki,2,,Alluviale Ablagerung,,Schwemmmaterial-Kiese/BachschotterausBasischenSilikatenmitgeringemFeinmaterialanteil-rezent,
186,Ki?0Schotterrezent,KiM0,Kies/Schottersilik.-karb.arm-rezent,M,M-,M,2,Ki,12,Ki,3,,Alluviale Ablagerung,,"Schwemmmaterial-Bachschotter/-kieseausbasenreichem,karbonatfuehrendemodersilikat.-karbonat.Mischmaterial(Karbonatgehalt10-35%),rezent,feinbodenarm",
147,KiS-Schottersauer-arm,KiS-,,S,,S,4,Ki,12,Ki,1,,Alluviale Ablagerung,,,
142,KiSiSchottersauer,KiSi,Kies/Schottersilikatisch-sauer,S,S,S,4,Ki,12,Ki,1,,Alluviale Ablagerung,,"Schwemmmaterial-Kiese/Bachschotterausrueckstands-/basenarmen,quarzreichenSilikatgesteinen(uew.harte/armeGraniteundGneiseimEinzugsgebiet),Bodenartsandig-schluffig","Regosole,podsolierteBraunerdenbisPodsole"
148,KiS+Schottersauer-reich,KiS+,,S,,S,4,Ki,12,Ki,1,,Alluviale Ablagerung,,,
167,KiI-Schotterinterm.-arm,KiI-,,I,,I,3,Ki,12,Ki,1,,Alluviale Ablagerung,,,
162,KiInSchotterinterm.,KiIn,Kies/Schottersilikatisch-intermed.,I,I,I,3,Ki,12,Ki,1,,Alluviale Ablagerung,,Schwemmmaterial-Kiese/BachschotterMoraenenausbasenarmen/intermediaeremSilikatmaterialmitmittleremFeinbodenanteil(lU-sL),
168,KiI+Schotterinterm.-reich,KiI+,,I,,I,3,Ki,12,Ki,1,,Alluviale Ablagerung,,,
177,KiB-Schotterbasenr.-arm,KiB-,Kies/Schotterbasisch-feinmaterialarm,B,B-,B,5,Ki,12,Ki,2,,Alluviale Ablagerung,,Schwemmmaterial-Kiese/BachschotterausbasenreichenaberkalkfreiensandigenenundrueckstandsarmenSilikaten(SiB-):z.B.ausBrix.Granitod.TaufererGneis(tw.),
172,KiBaSchotterbasenr.,KiBa,Kies/Schotterbasisch-kalkfrei,B,B,B,5,Ki,12,Ki,2,,Alluviale Ablagerung,,Schwemmmaterial-Kiese/BachschotterausBasischenSilikatenmitmittleremFeinmaterialanteil(SchluffundLehm),
178,KiB+Schotterbasenr.-reich,KiB+,Kies/Schotterbasisch-feinmaterialreich,B,B+,B,5,Ki,12,Ki,2,,Alluviale Ablagerung,,Schwemmmaterial-Kiese/BachschotterausBasischenSilikatenmithohemFeinmaterialanteil(LehmundTon),
187,KiM-Schottersil.-karb.arm-arm,KiM-,Kies/Schottersilik.-karb.arm-feinmaterialarm,M,M-,M,2,Ki,12,Ki,3,,Alluviale Ablagerung,,"Schwemmmaterial-(Bach)Mischschotterausbasenreichem,karbonatfuehrendemodersilikat.-karbonat.MischmaterialmitleichterBodenartu/ogeringemFeinbodenanteil(Karbonatgehalt10-35%)",
182,KiMiSchottersil.-karb.arm,KiMi,Kies/Schottersilikatisch-karbonatarm,M,M,M,2,Ki,12,Ki,3,,Alluviale Ablagerung,,"Schwemmmaterial-Kiese/Bachschotterausbasenreichem,karbonatfuehrendemodersilikat.-karbonat.MischmaterialmitmittlererBodenart(lU-sL)u/omittleremFeinbodenanteil(Karbonatgehalt10-35%)",
188,KiM+Schottersil.-karb.arm-reich,KiM+,Kies/Schottersilik.-karb.arm-feinmaterialreich,M,M+,M,2,Ki,12,Ki,3,,Alluviale Ablagerung,,"Schwemmmaterialausbasenreichem,karbonatfuehrendemodersilikat.-karbonat.MischmaterialmitschwererBodenartu/ohohemFeinbodenanteil(KarbonatgehaltimAusg.gestein10-35%),oftSchwemmmaterialmitlehmigem-tonigemFeinmaterial(z.B.Werfener,WengenerSch.)",
197,KiC-Schottersil.-karb.reich-arm,KiC-,Kies/Schottersilik.-karb.reich-feinmaterialarm,C,C-,C,1,Ki,12,Ki,3,,Alluviale Ablagerung,,"Schwemmmaterial-(Bach)MischschotterodergemischtausKarbonatenundSilikaten(Karbonatgehalt35-65%),rueckstandarm,grobskelettreich",
192,KiCaSchottersil.-karb.reich,KiCa,Kies/Schottersilikatisch-karbonatreich,C,C,C,1,Ki,12,Ki,3,,Alluviale Ablagerung,,"Schwemmmaterial-Kiese/Bachschotterausbasenreichenundkalkhaltigen(CaSi,KlKa)odergemischtausKarbonatenundSilikatgest.(Karbonatgehalt35-65%)mitmittleremFeinmaterialanteil",
198,KiC+Schottersil.-karb.reich-reich,KiC+,Kies/Schottersilik.-karb.reich-feinmaterialreich,C,C+,C,1,Ki,12,Ki,3,,Alluviale Ablagerung,,"Schwemmmaterialausauskarbonatreichem(KlK+)odersilikat.-karbonat.Mischmaterial(Siltite/Pelite,Mergel+vielKarbonat)mitschwererBodenartu/ohohemFeinbodenanteil(KarbonatgehaltimAusg.gestein35-65%)oftSchwemmmateriallehmigem-tonigFein",
157,KiK-Schotterkarb.-arm,KiK-,Kies/Schotterkarb.-feinmaterialarm,K,K-,K,6,Ki,12,Ki,4,,Alluviale Ablagerung,,Schwemmmaterial-Kiese/Bachschotterkarbonatischausuew.Hartkalk-undDolomit(>95%Karbonat),
152,KiKaSchotterkarb.,KiKa,Kies/Schotterkarbonatisch,K,K,K,6,Ki,12,Ki,4,,Alluviale Ablagerung,,Schwemmmaterial-Kiese/BachschotterausKarbonatmaterial(85-95%Karb.)mitmittleremFeinbodenanteil(lU-L),Braunlehm-RendzinabisKalkbraunlehm
158,KiK+Schotterkarb.-reich,KiK+,Kies/Schotterkarb.-feinmaterialreic,K,K+,K,6,Ki,12,Ki,4,,Alluviale Ablagerung,,Schwemmmaterial-Kiese/BachschotterausrueckstandsreichenKarbonaten(Karbonatgehalt65-85%)mitschwererBodenart(uL-L-T)u/ohohemFeinbodenanteil,
242,KiToSchottertonig,KiTo,Schwemmmaterial-Sedimentetonig-dicht,I,I+,I,3,Ki,12,Ki,1,,Alluviale Ablagerung,,"Schwemmmaterial-BachsedimenteauskarbonatarmentonreichenGesteinen(Flysch,Werfener/GosauSchichten,Tonschiefer,etc.)",
201,SaSiSandesilikatisch,SaSi,Sandesilikatisch-arm,S,S,S,4,Sa,3,Ki,1,,Alluviale Ablagerung,,"Schwemmmaterial-Au-undaeolischeFlugsandesilikatisch-armbzw.entkalkt(Quarzsand,Phosphoritsand)",
230,BlBlockhalden,BlMi,Blockhaldensilikatisch-karbonatisch,M,M,M,2,Bl,5,Bl,3,,Blockschutt,,"Haldenausvariablembzw.unbestimmtemGrobblockmaterial(Hangschutt,Bergstuerze)oderGeroell",
231,BlBlockhalden,BlSi,Blockhaldensilikatisch-arm,S,S-,S,4,Bl,5,Bl,1,,Blockschutt,,"HaldenausreinsilikatischemGrobblockmaterial(Hangschutt,Bergstuerze)oderGeroell",
232,BlBlockhalden,BlKa,Blockhaldenkarbonatisch,K,K,K,6,Bl,5,Bl,4,,Blockschutt,,"HaldenausreinkarbonatischemGrobblockmaterial(Hangschutt,Bergstuerze)oderGeroell",
233,BlBlockhalden,BlIn,Blockhaldenintermediaer-reich,I,I,I,3,Bl,5,Bl,1,,Blockschutt,,"Grobblockhaldenauskarbonatisch-silikatischemMischmaterial,ausweichenKalkmergelnbzw.Kalk-/SilikatbloeckemittonigemFeinsubstrat(BlockMoraenen)",
234,BlBlockhalden,BlBa,Blockhaldenbasisch,B,B-,B,5,Bl,5,Bl,2,,Blockschutt,,aldenausbasischemGrobblockmaterial(Gruengesteine),
235,BlBlockhalden,BlDo,BlockhaldenDolomit/Hartkalk,K,K-,K,6,Bl,5,Bl,4,,Blockschutt,,BlockhaldenausDolomitenundRiffkalken,
108,MoBBlockMoraenen,MoB-,,,,,,Mo,1,Mo,,,Moraene undifferenziert,,,
113,MoBBlockMoraenen,MoMB,BlockMoraenensilik.-karb.arm,M,M-,M,2,Mo,1,Mo,3,,Moraene undifferenziert,,"BlockMoraenensilikatisch-karbonatisch(rueckzugsstadienanTrogschulternundinKaren),feinbodenarmundgrobskelettreich",
118,MoBBlockMoraenen,MoBB,BlockMoraenenbasisch-kalkfrei,B,B-,B,5,Mo,1,Mo,2,,Moraene undifferenziert,,BlockMoraenenausbasenreichenSilikatgesteinen,
123,MoBBlockMoraenen,MoSB,BlockMoraenensilikatisch-sauer,S,S-,S,4,Mo,1,Mo,1,,Moraene undifferenziert,,"MoraenenausSilikatbloecken(intermediaereu/osaureSilikatgesteine),rueckstands-/tonarm,sandig-durchlaessig(i.d.R.LokalMoraenenzentralalpinerHerkunft)",
128,MoBBlockMoraenen,Mo?,,,,,,Mo,1,Mo,,,Moraene undifferenziert,,,
133,MoBBlockMoraenen,MoKB,BlockMoraenenkarbonatisch-feinmaterialarm,K,K,K,6,Mo,1,Mo,4,,Moraene undifferenziert,,"Moraenenausuew.Karbonatbloecken,rueckstands-/tonarm,(i.d.R.LokalMoraenenkalkalpinerHerkunftinreinenDolomit-/Hartkalkgebieten)",
134,MoBBlockMoraenen,MoDB,BlockMoraenendolomitisch,K,K-,K,6,Mo,1,Mo,4,,Moraene undifferenziert,,BlockMoraenenausDolomitenundHartkalken(=BlK-),
220,OrgOrganischesSubstrat,Org,OrganischesSubstrat,O,O,O,7,Org,11,Org,5,,Moorablagerung,,"Torf,Moore,Vernaessungen,sumpfigeBereiche/Wiesen(inmanchenGeologischenKartenkartiert)","Anmoor-GleyeoderNieder-,Uebergangs-bisHochmoore"
240,RuRutsch-/Erosionsmassen,,,,,,,Rutsch,20,Ha,,,Rutschmasse,,,
250,AnAnthropogenesMaterial,,,,,,,Anthr,6,Anthr,,,Anthropogen,,,
252,KiXKies/Schotterunbekannt(GIS),,,,,,,Ki,12,Ki,,,Alluviale Ablagerung,,,
253,SwXSchwemmkegelunbekannt(GIS),,,,,,,Schwemm,15,Ki,,,Alluvialer Schwemmfaecher,,,
254,HaXHangschuttunbekannt(GIS),,,,,,,Ha,2,Ha,,,Hangschutt,,,
251,MoXMoraenenunbekannt(GIS),,,,,,,Mo,1,Mo,,,Moraene undifferenziert,,,
255,BlXBlockschuttunbekannt(GIS),,,,,,,Bl,5,Bl,,,Blockschutt,,,
0,Seen/Gletscher,,,,,,,See,19,H2O,,,See,,,
